Date,Time,Test_ID,Experimental,Pressure,dac_bits,mass,slide,time
2025-01-28,10:09:34:809,91,-0.0108,11.712315275610052,1161.587783686857,3.6050000000000004,0.0,4.235499
2025-01-28,10:16:29:825,93,-0.0096,11.712315275610052,1161.587783686857,3.6050000000000004,0.0,4.25511
2025-01-28,10:09:35:362,91,-0.0106,11.712315275610052,1161.587783686857,3.6050000000000004,0.0,4.433
2025-01-28,10:16:30:417,93,-0.0093,11.712315275610052,1161.587783686857,3.6050000000000004,0.0,4.457319
2025-01-28,10:09:35:456,91,-0.0106,11.712315275610052,1161.587783686857,3.6050000000000004,0.0,4.63509
2025-01-28,10:16:30:512,93,-0.0095,11.712315275610052,1161.587783686857,3.6050000000000004,0.0,4.657737
2025-01-28,10:09:35:530,91,-0.011,11.712315275610052,1161.587783686857,3.6050000000000004,0.0,4.835838
2025-01-28,10:16:30:588,93,-0.0095,11.712315275610052,1161.587783686857,3.6050000000000004,0.0,4.855313
2025-01-28,10:09:35:596,91,-0.0108,11.712315275610052,1161.587783686857,3.6050000000000004,0.0,5.032825
2025-01-28,10:16:30:660,93,-0.0074,11.712315275610052,1161.587783686857,3.6050000000000004,0.0,5.057614
2025-01-28,10:16:30:847,93,-0.0074,11.712315275610052,1161.587783686857,3.6050000000000004,0.0,5.253942
2025-01-28,10:09:35:836,91,-0.0108,11.712315275610052,1161.587783686857,3.6050000000000004,0.0,5.268241
2025-01-28,10:09:36:008,91,-0.011,11.712315275610052,1161.587783686857,3.6050000000000004,0.0,5.434571
2025-01-28,10:16:31:160,93,-0.0076,11.712315275610052,1161.587783686857,3.6050000000000004,0.0,5.456187
2025-01-28,10:09:36:191,91,-0.0113,11.712315275610052,1161.587783686857,3.6050000000000004,0.0,5.633042
2025-01-28,10:16:31:241,93,-0.0076,11.712315275610052,1161.587783686857,3.6050000000000004,0.0,5.654837
2025-01-28,10:09:36:386,91,-0.0111,11.712315275610052,1161.587783686857,3.6050000000000004,0.0,5.833429
2025-01-28,10:16:31:439,93,-0.0076,11.712315275610052,1161.587783686857,3.6050000000000004,0.0,5.85552
2025-01-28,10:09:36:587,91,-0.0107,11.712315275610052,1161.587783686857,3.6050000000000004,0.0,6.033159
2025-01-28,10:16:31:635,93,-0.0077,11.712315275610052,1161.587783686857,3.6050000000000004,0.0,6.054115
2025-01-28,10:16:31:822,93,-0.0078,11.712315275610052,1161.587783686857,3.6050000000000004,0.0,6.254847
2025-01-28,10:09:36:834,91,-0.011,11.712315275610052,1161.587783686857,3.6050000000000004,0.0,6.270097
2025-01-28,10:09:37:033,91,-0.011,11.712315275610052,1161.587783686857,3.6050000000000004,0.0,6.436586
2025-01-28,10:16:32:021,93,-0.0077,11.712315275610052,1161.587783686857,3.6050000000000004,0.0,6.455903
2025-01-28,10:09:37:192,91,-0.011,11.712315275610052,1161.587783686857,3.6050000000000004,0.0,6.640281
2025-01-28,10:16:32:231,93,-0.0079,11.712315275610052,1161.587783686857,3.6050000000000004,0.0,6.654803
2025-01-28,10:09:37:391,91,-0.011,11.712315275610052,1161.587783686857,3.6050000000000004,0.0,6.837415
2025-01-28,10:16:32:419,93,-0.008,11.712315275610052,1161.587783686857,3.6050000000000004,0.0,6.854776
2025-01-28,10:09:37:612,91,-0.0111,11.712315275610052,1161.587783686857,3.6050000000000004,0.0,7.037335
2025-01-28,10:16:32:642,93,-0.0074,11.712315275610052,1161.587783686857,3.6050000000000004,0.0,7.054839
2025-01-28,10:09:37:806,91,-0.011,11.712315275610052,1161.587783686857,3.6050000000000004,0.0,7.234316
2025-01-28,10:16:32:824,93,-0.0072,11.712315275610052,1161.587783686857,3.6050000000000004,0.0,7.255053
2025-01-28,10:09:38:003,91,-0.0108,11.712315275610052,1161.587783686857,3.6050000000000004,0.0,7.435383
2025-01-28,10:16:33:024,93,-0.0074,11.712315275610052,1161.587783686857,3.6050000000000004,0.0,7.455026
2025-01-28,10:09:38:191,91,-0.0109,11.712315275610052,1161.587783686857,3.6050000000000004,0.0,7.63516
2025-01-28,10:16:33:222,93,-0.0075,11.712315275610052,1161.587783686857,3.6050000000000004,0.0,7.656672
2025-01-28,10:09:38:428,91,-0.011,11.712315275610052,1161.587783686857,3.6050000000000004,0.0,7.834854
2025-01-28,10:16:33:413,93,-0.0075,11.712315275610052,1161.587783686857,3.6050000000000004,0.0,7.85434
2025-01-28,10:16:33:618,93,-0.0075,11.712315275610052,1161.587783686857,3.6050000000000004,0.0,8.054759
2025-01-28,10:09:38:676,91,-0.0109,11.712315275610052,1161.587783686857,3.6050000000000004,0.0,8.105686
2025-01-28,10:09:38:787,91,-0.011,11.712315275610052,1161.587783686857,3.6050000000000004,0.0,8.235422
2025-01-28,10:16:33:828,93,-0.0082,11.712315275610052,1161.587783686857,3.6050000000000004,0.0,8.254755
2025-01-28,10:09:39:016,91,-0.0109,11.712315275610052,1161.587783686857,3.6050000000000004,0.0,8.436181
2025-01-28,10:16:34:031,93,-0.0088,11.712315275610052,1161.587783686857,3.6050000000000004,0.0,8.455585
2025-01-28,10:09:39:186,91,-0.0109,11.712315275610052,1161.587783686857,3.6050000000000004,0.0,8.635164
2025-01-28,10:16:34:218,93,-0.0086,11.712315275610052,1161.587783686857,3.6050000000000004,0.0,8.655284
2025-01-28,10:09:39:400,91,-0.0106,11.712315275610052,1161.587783686857,3.6050000000000004,0.0,8.834735
2025-01-28,10:16:34:430,93,-0.0081,11.712315275610052,1161.587783686857,3.6050000000000004,0.0,8.85529
2025-01-28,10:09:39:591,91,-0.0113,11.712315275610052,1161.587783686857,3.6050000000000004,0.0,9.034097
2025-01-28,10:16:34:627,93,-0.008,11.712315275610052,1161.587783686857,3.6050000000000004,0.0,9.05844
2025-01-28,10:09:39:793,91,-0.0116,11.712315275610052,1161.587783686857,3.6050000000000004,0.0,9.236393
2025-01-28,10:16:34:844,93,-0.008,11.712315275610052,1161.587783686857,3.6050000000000004,0.0,9.256345
2025-01-28,10:09:40:006,91,-0.0111,11.712315275610052,1161.587783686857,3.6050000000000004,0.0,9.435153
2025-01-28,10:16:35:054,93,-0.0082,11.712315275610052,1161.587783686857,3.6050000000000004,0.0,9.455359
2025-01-28,10:09:40:190,91,-0.0115,11.712315275610052,1161.587783686857,3.6050000000000004,0.0,9.635221
2025-01-28,10:16:35:220,93,-0.0082,11.712315275610052,1161.587783686857,3.6050000000000004,0.0,9.655575
2025-01-28,10:09:40:389,91,-0.0112,11.712315275610052,1161.587783686857,3.6050000000000004,0.0,9.834648
2025-01-28,10:16:35:419,93,-0.0081,11.712315275610052,1161.587783686857,3.6050000000000004,0.0,9.857152
2025-01-28,10:09:40:587,91,-0.0113,11.712315275610052,1161.587783686857,3.6050000000000004,0.0,10.0349
2025-01-28,10:16:35:639,93,-0.0079,11.712315275610052,1161.587783686857,3.6050000000000004,0.0,10.05606
2025-01-28,10:09:40:811,91,-0.0112,11.712315275610052,1161.587783686857,3.6050000000000004,0.0,10.23543
2025-01-28,10:16:35:832,93,-0.0082,11.712315275610052,1161.587783686857,3.6050000000000004,0.0,10.25572
2025-01-28,10:09:41:487,91,-0.0111,11.712315275610052,1161.587783686857,3.6050000000000004,0.0,10.43594
2025-01-28,10:16:36:079,93,-0.0079,11.712315275610052,1161.587783686857,3.6050000000000004,0.0,10.45584
2025-01-28,10:09:41:569,91,-0.0111,11.712315275610052,1161.587783686857,3.6050000000000004,0.0,10.63521
2025-01-28,10:16:36:218,93,-0.0081,11.712315275610052,1161.587783686857,3.6050000000000004,0.0,10.65556
2025-01-28,10:09:41:646,91,-0.0113,11.712315275610052,1161.587783686857,3.6050000000000004,0.0,10.83593
2025-01-28,10:16:36:425,93,-0.0082,11.712315275610052,1161.587783686857,3.6050000000000004,0.0,10.85717
2025-01-28,10:09:41:749,91,-0.0112,11.712315275610052,1161.587783686857,3.6050000000000004,0.0,11.03451
2025-01-28,10:16:36:650,93,-0.008,11.712315275610052,1161.587783686857,3.6050000000000004,0.0,11.06349
2025-01-28,10:09:41:820,91,-0.0113,11.712315275610052,1161.587783686857,3.6050000000000004,0.0,11.23504
2025-01-28,10:16:36:842,93,-0.0081,11.712315275610052,1161.587783686857,3.6050000000000004,0.0,11.25589
2025-01-28,10:09:42:008,91,-0.0112,11.712315275610052,1161.587783686857,3.6050000000000004,0.0,11.43474
2025-01-28,10:16:37:034,93,-0.0081,11.712315275610052,1161.587783686857,3.6050000000000004,0.0,11.4551
2025-01-28,10:09:42:191,91,-0.0113,11.712315275610052,1161.587783686857,3.6050000000000004,0.0,11.6363
2025-01-28,10:16:37:218,93,-0.0078,11.712315275610052,1161.587783686857,3.6050000000000004,0.0,11.65563
2025-01-28,10:09:42:426,91,-0.0111,13.334198275461588,1405.4154163413048,3.6050000000000004,0.0252,11.83927
2025-01-28,10:16:37:431,93,-0.008,11.712315275610052,1161.587783686857,3.6050000000000004,0.0,11.85719
2025-01-28,10:09:42:595,91,-0.0111,13.334198275461588,1312.74727927302,3.6050000000000004,0.0252,12.03785
2025-01-28,10:16:37:639,93,-0.0083,11.712315275610052,1161.587783686857,3.6050000000000004,0.0,12.05709
2025-01-28,10:09:42:789,91,-0.0042,13.334198275461588,1312.74727927302,3.6050000000000004,0.0252,12.23496
2025-01-28,10:16:37:821,93,-0.0083,11.712315275610052,1161.587783686857,3.6050000000000004,0.0,12.25614
2025-01-28,10:09:43:001,91,0.0034,13.334198275461588,1312.74727927302,3.6050000000000004,0.0252,12.43708
2025-01-28,10:16:38:023,93,-0.0082,11.712315275610052,1161.587783686857,3.6050000000000004,0.0,12.45603
2025-01-28,10:09:43:211,91,-0.002,13.334198275461588,1312.74727927302,3.6050000000000004,0.0252,12.63607
2025-01-28,10:16:38:218,93,-0.0082,11.712315275610052,1161.587783686857,3.6050000000000004,0.0,12.65577
2025-01-28,10:09:43:396,91,-0.0046,13.334198275461588,1312.74727927302,3.6050000000000004,0.0252,12.83492
2025-01-28,10:16:38:420,93,-0.0084,11.712315275610052,1161.587783686857,3.6050000000000004,0.0,12.85551
2025-01-28,10:09:43:586,91,-0.0077,13.334198275461588,1312.74727927302,3.6050000000000004,0.0252,13.03379
2025-01-28,10:16:38:625,93,-0.0083,11.712315275610052,1161.587783686857,3.6050000000000004,0.0,13.05811
2025-01-28,10:09:43:794,91,-0.0072,13.334198275461588,1312.74727927302,3.6050000000000004,0.0252,13.23762
2025-01-28,10:16:38:823,93,-0.0082,11.712315275610052,1161.587783686857,3.6050000000000004,0.0,13.25582
2025-01-28,10:09:43:987,91,-0.007,13.334198275461588,1312.74727927302,3.6050000000000004,0.0252,13.43428
2025-01-28,10:16:39:051,93,-0.008,11.712315275610052,1161.587783686857,3.6050000000000004,0.0,13.45594
2025-01-28,10:09:44:191,91,-0.0067,13.334198275461588,1312.74727927302,3.6050000000000004,0.0252,13.63498
2025-01-28,10:16:39:244,93,-0.0082,11.712315275610052,1161.587783686857,3.6050000000000004,0.0,13.65504
2025-01-28,10:09:44:407,91,-0.0051,13.334198275461588,1312.74727927302,3.6050000000000004,0.0252,13.83483
2025-01-28,10:16:39:439,93,-0.0082,11.712315275610052,1161.587783686857,3.6050000000000004,0.0,13.85685
2025-01-28,10:09:44:592,91,-0.0063,13.334198275461588,1312.74727927302,3.6050000000000004,0.0252,14.03725
2025-01-28,10:16:39:656,93,-0.0081,11.712315275610052,1161.587783686857,3.6050000000000004,0.0,14.05794
2025-01-28,10:09:44:788,91,-0.0034,13.334198275461588,1312.74727927302,3.6050000000000004,0.0252,14.23601
2025-01-28,10:16:39:820,93,-0.0083,11.712315275610052,1161.587783686857,3.6050000000000004,0.0,14.25633
2025-01-28,10:09:44:994,91,-0.009,13.334198275461588,1312.74727927302,3.6050000000000004,0.0252,14.43497
2025-01-28,10:16:40:085,93,-0.0081,11.712315275610052,1161.587783686857,3.6050000000000004,0.0,14.45678
2025-01-28,10:09:45:192,91,-0.0031,12.61567329075036,1245.7807506979336,3.6050000000000004,0.014,14.63477
2025-01-28,10:16:40:217,93,-0.0079,11.712315275610052,1161.587783686857,3.6050000000000004,0.0,14.65696
2025-01-28,10:09:45:432,91,-0.0069,13.000263513502405,1373.7250074313783,3.6050000000000004,0.02,14.83498
2025-01-28,10:16:40:423,93,-0.008,11.712315275610052,1161.587783686857,3.6050000000000004,0.0,14.85578
2025-01-28,10:09:45:609,91,-0.0144,13.382737584410394,1410.0217967605465,3.6050000000000004,0.026,15.02382
2025-01-28,10:16:40:631,93,-0.0083,11.712315275610052,1161.587783686857,3.6050000000000004,0.0,15.0582
2025-01-28,10:09:45:791,91,0.0028,13.807070428190805,1450.2909836353074,3.6050000000000004,0.0325,15.23543
2025-01-28,10:16:40:816,93,-0.0084,11.712315275610052,1161.587783686857,3.6050000000000004,0.0,15.25548
2025-01-28,10:09:46:000,91,0.0078,14.181051103299321,1485.7817497031056,3.6050000000000004,0.0384,15.43717
2025-01-28,10:16:41:035,93,-0.0084,11.712315275610052,1161.587783686857,3.6050000000000004,0.0,15.45691
2025-01-28,10:09:46:210,91,0.0204,14.493529975053466,1515.435994632574,3.6050000000000004,0.0432,15.63371
2025-01-28,10:16:41:222,93,-0.0085,11.712315275610052,1161.587783686857,3.6050000000000004,0.0,15.65543
2025-01-28,10:09:46:384,91,0.0107,14.739709513539683,1538.798432834916,3.6050000000000004,0.047,15.83424
2025-01-28,10:16:41:419,93,-0.0093,11.712315275610052,1161.587783686857,3.6050000000000004,0.0,15.85731
2025-01-28,10:09:46:588,91,0.0208,14.896186758011611,1553.648123335302,3.6050000000000004,0.0495,16.03306
2025-01-28,10:16:41:632,93,-0.0086,11.712315275610052,1161.587783686857,3.6050000000000004,0.0,16.05603
2025-01-28,10:09:46:792,91,0.026,14.95580960991065,1559.3063319805208,3.6050000000000004,0.0504,16.23543
2025-01-28,10:16:41:820,93,-0.0084,11.712315275610052,1161.587783686857,3.6050000000000004,0.0,16.25596
2025-01-28,10:09:46:999,91,0.0294,14.912826466648584,1459.875426691648,3.6050000000000004,0.0497,16.4342
2025-01-28,10:16:42:069,93,-0.0086,11.712315275610052,1161.587783686857,3.6050000000000004,0.0,16.45549
2025-01-28,10:09:47:184,91,0.0266,14.770729242324094,1446.6319653846056,3.6050000000000004,0.0475,16.63417
2025-01-28,10:16:42:242,93,-0.0083,11.712315275610052,1161.587783686857,3.6050000000000004,0.0,16.65636
2025-01-28,10:09:47:397,91,0.0255,14.53622442314156,1424.7761162367933,3.6050000000000004,0.0439,16.83573
2025-01-28,10:16:42:433,93,-0.0086,11.712315275610052,1161.587783686857,3.6050000000000004,0.0,16.85606
2025-01-28,10:09:47:590,91,0.0235,14.230169424479072,1396.2517903614496,3.6050000000000004,0.0391,17.03425
2025-01-28,10:16:42:620,93,-0.0084,11.712315275610052,1161.587783686857,3.6050000000000004,0.0,17.05634
2025-01-28,10:09:47:844,91,0.021,13.863792947815362,1362.1055027363918,3.6050000000000004,0.0334,17.2353
2025-01-28,10:16:42:852,93,-0.0099,11.712315275610052,1161.587783686857,3.6050000000000004,0.0,17.25583
2025-01-28,10:09:48:001,91,0.0155,13.465260613325842,1324.9622891619686,3.6050000000000004,0.0272,17.43562
2025-01-28,10:16:43:027,93,-0.0089,11.712315275610052,1161.587783686857,3.6050000000000004,0.0,17.45568
2025-01-28,10:09:48:194,91,0.0157,13.05626916084103,1286.844285790384,3.6050000000000004,0.0209,17.63704
2025-01-28,10:16:43:219,93,-0.0086,11.712315275610052,1161.587783686857,3.6050000000000004,0.0,17.6558
2025-01-28,10:09:48:391,91,0.0075,12.666901681712924,1250.5552367356445,3.6050000000000004,0.0148,17.83743
2025-01-28,10:16:43:432,93,-0.0086,11.712315275610052,1161.587783686857,3.6050000000000004,0.0,17.85516
2025-01-28,10:09:48:589,91,0.0004,12.34092712151701,1220.1744077253854,3.6050000000000004,0.0098,18.02451
2025-01-28,10:16:43:627,93,-0.0086,11.712315275610052,1161.587783686857,3.6050000000000004,0.0,18.05673
2025-01-28,10:09:48:796,91,-0.0015,12.042599462766095,1192.3702699298,3.6050000000000004,0.0051,18.23311
2025-01-28,10:16:43:815,93,-0.0079,11.712315275610052,1161.587783686857,3.6050000000000004,0.0,18.25618
2025-01-28,10:09:48:994,91,-0.007,11.838258180332348,1173.325662406975,3.6050000000000004,0.002,18.43433
2025-01-28,10:16:44:024,93,-0.0079,11.712315275610052,1161.587783686857,3.6050000000000004,0.0,18.45569
2025-01-28,10:09:49:188,91,-0.0095,11.729268603708002,1163.1678338655859,3.6050000000000004,0.0003,18.63484
2025-01-28,10:16:44:219,93,-0.0088,11.712315275610052,1161.587783686857,3.6050000000000004,0.0,18.65606
2025-01-28,10:09:49:391,91,-0.0128,11.721803899365309,1162.4721234208469,3.6050000000000004,0.0001,18.83612
2025-01-28,10:16:44:416,93,-0.0081,11.712315275610052,1161.587783686857,3.6050000000000004,0.0,18.8556
2025-01-28,10:09:49:586,91,-0.0135,11.816513594953339,1261.387140161072,3.6050000000000004,0.0016,19.0368
2025-01-28,10:16:44:621,93,-0.0089,11.712315275610052,1161.587783686857,3.6050000000000004,0.0,19.05563
2025-01-28,10:09:49:796,91,-0.0123,12.004166836636713,1279.1954327968242,3.6050000000000004,0.0045,19.23486
2025-01-28,10:16:44:830,93,-0.0081,11.712315275610052,1161.587783686857,3.6050000000000004,0.0,19.25533
2025-01-28,10:09:49:989,91,-0.0096,14.956081275313126,1559.3321130272157,3.6050000000000004,0.0504,19.43876
2025-01-28,10:16:45:022,93,-0.0081,11.712315275610052,1161.587783686857,3.6050000000000004,0.0,19.45735
2025-01-28,10:09:50:203,91,0.0284,14.956081275313126,1463.9067748591833,3.6050000000000004,0.0504,19.63798
2025-01-28,10:16:45:222,93,-0.008,11.712315275610052,1161.587783686857,3.6050000000000004,0.0,19.65557
2025-01-28,10:09:50:401,91,0.0384,14.956081275313126,1463.9067748591833,3.6050000000000004,0.0504,19.83514
2025-01-28,10:16:45:416,93,-0.008,11.712315275610052,1161.587783686857,3.6050000000000004,0.0,19.85612
2025-01-28,10:09:50:592,91,0.0386,11.712315275610052,1161.587783686857,3.6050000000000004,0.0,20.03343
2025-01-28,10:16:45:621,93,-0.0083,11.712315275610052,1161.587783686857,3.6050000000000004,0.0,20.05624
2025-01-28,10:09:50:785,91,0.0312,11.712315275610052,1161.587783686857,3.6050000000000004,0.0,20.23469
2025-01-28,10:16:45:821,93,-0.008,11.712315275610052,1161.587783686857,3.6050000000000004,0.0,20.25671
2025-01-28,10:09:50:997,91,0.014,11.712315275610052,1161.587783686857,3.6050000000000004,0.0,20.4348
2025-01-28,10:16:46:029,93,-0.0079,11.712315275610052,1161.587783686857,3.6050000000000004,0.0,20.45601
2025-01-28,10:09:51:195,91,0.0052,11.712315275610052,1161.587783686857,3.6050000000000004,0.0,20.63513
2025-01-28,10:16:46:221,93,-0.0083,11.712315275610052,1161.587783686857,3.6050000000000004,0.0,20.65709
2025-01-28,10:09:51:383,91,-0.0008,11.712315275610052,1161.587783686857,3.6050000000000004,0.0,20.83468
2025-01-28,10:16:46:441,93,-0.0082,11.712315275610052,1161.587783686857,3.6050000000000004,0.0,20.85587
2025-01-28,10:09:51:607,91,-0.0021,11.712315275610052,1161.587783686857,3.6050000000000004,0.0,21.03804
2025-01-28,10:16:46:633,93,-0.008,11.712315275610052,1161.587783686857,3.6050000000000004,0.0,21.05616
2025-01-28,10:09:51:790,91,-0.0021,11.712315275610052,1161.587783686857,3.6050000000000004,0.0,21.23542
2025-01-28,10:16:46:824,93,-0.008,11.712315275610052,1161.587783686857,3.6050000000000004,0.0,21.25551
2025-01-28,10:09:51:984,91,-0.0021,11.712315275610052,1161.587783686857,3.6050000000000004,0.0,21.43522
2025-01-28,10:16:47:023,93,-0.008,11.712315275610052,1161.587783686857,3.6050000000000004,0.0,21.4552
2025-01-28,10:09:52:188,91,-0.002,11.712315275610052,1161.587783686857,3.6050000000000004,0.0,21.63455
2025-01-28,10:16:47:220,93,-0.0085,11.712315275610052,1161.587783686857,3.6050000000000004,0.0,21.65474
2025-01-28,10:09:52:401,91,-0.002,11.712315275610052,1161.587783686857,3.6050000000000004,0.0,21.8341
2025-01-28,10:16:47:422,93,-0.0083,11.712315275610052,1161.587783686857,3.6050000000000004,0.0,21.85688
2025-01-28,10:09:52:625,91,-0.002,11.712315275610052,1161.587783686857,3.6050000000000004,0.0,22.03462
2025-01-28,10:16:47:640,93,-0.0084,11.712315275610052,1161.587783686857,3.6050000000000004,0.0,22.05683
2025-01-28,10:09:52:795,91,-0.0021,11.712315275610052,1161.587783686857,3.6050000000000004,0.0,22.23409
2025-01-28,10:16:47:825,93,-0.0086,11.712315275610052,1161.587783686857,3.6050000000000004,0.0,22.25562
2025-01-28,10:09:52:988,91,-0.0021,11.712315275610052,1161.587783686857,3.6050000000000004,0.0,22.43523
2025-01-28,10:16:48:040,93,-0.0083,11.712315275610052,1161.587783686857,3.6050000000000004,0.0,22.45639
2025-01-28,10:09:53:185,91,-0.0021,14.956081275313126,1559.3321130272157,3.6050000000000004,0.0504,22.63455
2025-01-28,10:16:48:233,93,-0.0086,11.712315275610052,1161.587783686857,3.6050000000000004,0.0,22.65552
2025-01-28,10:09:53:396,91,0.0227,14.956081275313126,1463.9067748591833,3.6050000000000004,0.0504,22.83489
2025-01-28,10:16:48:425,93,-0.0086,11.712315275610052,1161.587783686857,3.6050000000000004,0.0,22.8557
2025-01-28,10:09:53:588,91,0.0362,14.956081275313126,1463.9067748591833,3.6050000000000004,0.0504,23.03514
2025-01-28,10:16:48:620,93,-0.0086,11.712315275610052,1161.587783686857,3.6050000000000004,0.0,23.06085
2025-01-28,10:09:53:787,91,0.0373,14.956081275313126,1463.9067748591833,3.6050000000000004,0.0504,23.23409
2025-01-28,10:16:48:824,93,-0.0086,11.712315275610052,1161.587783686857,3.6050000000000004,0.0,23.25585
2025-01-28,10:09:53:995,91,0.0375,14.956081275313126,1463.9067748591833,3.6050000000000004,0.0504,23.43443
2025-01-28,10:16:49:023,93,-0.0086,11.712315275610052,1161.587783686857,3.6050000000000004,0.0,23.45621
2025-01-28,10:09:54:191,91,0.0375,14.956081275313126,1463.9067748591833,3.6050000000000004,0.0504,23.63662
2025-01-28,10:16:49:220,93,-0.0084,11.712315275610052,1161.587783686857,3.6050000000000004,0.0,23.65574
2025-01-28,10:09:54:401,91,0.0376,14.956081275313126,1463.9067748591833,3.6050000000000004,0.0504,23.83407
2025-01-28,10:16:49:424,93,-0.0084,11.712315275610052,1161.587783686857,3.6050000000000004,0.0,23.85608
2025-01-28,10:09:54:610,91,0.0375,14.956081275313126,1463.9067748591833,3.6050000000000004,0.0504,24.03641
2025-01-28,10:16:49:633,93,-0.0082,11.712315275610052,1161.587783686857,3.6050000000000004,0.0,24.05557
2025-01-28,10:09:54:788,91,0.0376,14.956081275313126,1463.9067748591833,3.6050000000000004,0.0504,24.23429
2025-01-28,10:16:49:819,93,-0.0081,11.712315275610052,1161.587783686857,3.6050000000000004,0.0,24.25484
2025-01-28,10:09:54:995,91,0.0376,14.956081275313126,1463.9067748591833,3.6050000000000004,0.0504,24.43495
2025-01-28,10:16:50:024,93,-0.0086,11.712315275610052,1161.587783686857,3.6050000000000004,0.0,24.45551
2025-01-28,10:09:55:207,91,0.0376,14.956081275313126,1463.9067748591833,3.6050000000000004,0.0504,24.63597
2025-01-28,10:16:50:234,93,-0.0079,11.712315275610052,1161.587783686857,3.6050000000000004,0.0,24.65891
2025-01-28,10:09:55:394,91,0.0376,14.956081275313126,1463.9067748591833,3.6050000000000004,0.0504,24.83519
2025-01-28,10:16:50:417,93,-0.0079,11.712315275610052,1161.587783686857,3.6050000000000004,0.0,24.85551
2025-01-28,10:09:55:586,91,0.0376,11.712315275610052,1161.587783686857,3.6050000000000004,0.0,25.03706
2025-01-28,10:16:50:619,93,-0.008,11.712315275610052,1161.587783686857,3.6050000000000004,0.0,25.05526
2025-01-28,10:09:55:788,91,0.0295,11.712315275610052,1161.587783686857,3.6050000000000004,0.0,25.23425
2025-01-28,10:16:50:830,93,-0.0081,11.712315275610052,1161.587783686857,3.6050000000000004,0.0,25.2557
2025-01-28,10:09:55:990,91,0.0137,11.712315275610052,1161.587783686857,3.6050000000000004,0.0,25.43612
2025-01-28,10:16:51:030,93,-0.008,11.712315275610052,1161.587783686857,3.6050000000000004,0.0,25.45607
2025-01-28,10:09:56:216,91,0.0041,11.712315275610052,1161.587783686857,3.6050000000000004,0.0,25.63446
2025-01-28,10:16:51:226,93,-0.0083,11.712315275610052,1161.587783686857,3.6050000000000004,0.0,25.65516
2025-01-28,10:09:56:417,91,-0.0017,11.712315275610052,1161.587783686857,3.6050000000000004,0.0,25.83429
2025-01-28,10:16:51:423,93,-0.0082,11.712315275610052,1161.587783686857,3.6050000000000004,0.0,25.85663
2025-01-28,10:09:56:591,91,-0.0022,11.712315275610052,1161.587783686857,3.6050000000000004,0.0,26.03379
2025-01-28,10:16:51:622,93,-0.0081,11.712315275610052,1161.587783686857,3.6050000000000004,0.0,26.05685
2025-01-28,10:09:56:785,91,-0.0022,11.712315275610052,1161.587783686857,3.6050000000000004,0.0,26.23572
2025-01-28,10:16:51:841,93,-0.0082,11.712315275610052,1161.587783686857,3.6050000000000004,0.0,26.25797
2025-01-28,10:09:57:000,91,-0.0022,11.712315275610052,1161.587783686857,3.6050000000000004,0.0,26.43319
2025-01-28,10:16:52:035,93,-0.0085,11.712315275610052,1161.587783686857,3.6050000000000004,0.0,26.45623
2025-01-28,10:09:57:183,91,-0.0022,11.712315275610052,1161.587783686857,3.6050000000000004,0.0,26.63375
2025-01-28,10:16:52:236,93,-0.0089,11.712315275610052,1161.587783686857,3.6050000000000004,0.0,26.65629
2025-01-28,10:09:57:411,91,-0.0022,11.712315275610052,1161.587783686857,3.6050000000000004,0.0,26.83622
2025-01-28,10:16:52:430,93,-0.0088,11.712315275610052,1161.587783686857,3.6050000000000004,0.0,26.85582
2025-01-28,10:09:57:609,91,-0.0022,11.712315275610052,1161.587783686857,3.6050000000000004,0.0,27.03379
2025-01-28,10:16:52:626,93,-0.0086,11.712315275610052,1161.587783686857,3.6050000000000004,0.0,27.05742
2025-01-28,10:09:57:803,91,-0.0022,11.712315275610052,1161.587783686857,3.6050000000000004,0.0,27.23405
2025-01-28,10:16:52:819,93,-0.0086,11.712315275610052,1161.587783686857,3.6050000000000004,0.0,27.25451
2025-01-28,10:09:58:006,91,-0.0022,11.712315275610052,1161.587783686857,3.6050000000000004,0.0,27.43423
2025-01-28,10:16:53:032,93,-0.0086,11.712315275610052,1161.587783686857,3.6050000000000004,0.0,27.45878
2025-01-28,10:09:58:193,91,-0.0022,14.956081275313126,1559.3321130272157,3.6050000000000004,0.0504,27.63443
2025-01-28,10:16:53:212,93,-0.0084,11.915050650591494,1270.7383067411329,3.6050000000000004,0.0032,27.65414
2025-01-28,10:09:58:400,91,0.0221,14.956081275313126,1463.9067748591833,3.6050000000000004,0.0504,27.83411
2025-01-28,10:16:53:416,93,-0.0085,11.712315275610052,1161.587783686857,3.6050000000000004,0.0,27.8555
2025-01-28,10:09:58:583,91,0.0357,14.956081275313126,1463.9067748591833,3.6050000000000004,0.0504,28.03465
2025-01-28,10:16:53:626,93,-0.0087,11.712315275610052,1161.587783686857,3.6050000000000004,0.0,28.05523
2025-01-28,10:09:58:786,91,0.0367,14.956081275313126,1463.9067748591833,3.6050000000000004,0.0504,28.23442
2025-01-28,10:16:53:825,93,-0.0085,11.712315275610052,1161.587783686857,3.6050000000000004,0.0,28.25529
2025-01-28,10:09:58:989,91,0.0367,14.956081275313126,1463.9067748591833,3.6050000000000004,0.0504,28.43453
2025-01-28,10:16:54:019,93,-0.0085,11.712315275610052,1161.587783686857,3.6050000000000004,0.0,28.45523
2025-01-28,10:09:59:187,91,0.0367,14.956081275313126,1463.9067748591833,3.6050000000000004,0.0504,28.63481
2025-01-28,10:16:54:246,93,-0.0085,11.712315275610052,1161.587783686857,3.6050000000000004,0.0,28.65504
2025-01-28,10:09:59:388,91,0.0367,14.956081275313126,1463.9067748591833,3.6050000000000004,0.0504,28.83419
2025-01-28,10:16:54:431,93,-0.0086,11.712315275610052,1161.587783686857,3.6050000000000004,0.0,28.85493
2025-01-28,10:09:59:606,91,0.0367,14.956081275313126,1463.9067748591833,3.6050000000000004,0.0504,29.03543
2025-01-28,10:16:54:616,93,-0.0085,11.712315275610052,1161.587783686857,3.6050000000000004,0.0,29.05569
2025-01-28,10:09:59:782,91,0.0367,14.956081275313126,1463.9067748591833,3.6050000000000004,0.0504,29.23436
2025-01-28,10:16:54:823,93,-0.0085,11.712315275610052,1161.587783686857,3.6050000000000004,0.0,29.25492
2025-01-28,10:10:00:013,92,0.0367,14.956081275313126,1463.9067748591833,3.6050000000000004,0.0504,29.43403
2025-01-28,10:16:55:017,93,-0.0083,11.712315275610052,1161.587783686857,3.6050000000000004,0.0,29.4553
2025-01-28,10:10:00:190,92,0.0367,14.956081275313126,1463.9067748591833,3.6050000000000004,0.0504,29.6349
2025-01-28,10:16:55:242,93,-0.0086,11.712315275610052,1161.587783686857,3.6050000000000004,0.0,29.65503
2025-01-28,10:10:00:396,92,0.0367,14.956081275313126,1463.9067748591833,3.6050000000000004,0.0504,29.83528
2025-01-28,10:16:55:452,93,-0.0083,11.712315275610052,1161.587783686857,3.6050000000000004,0.0,29.85559
2025-01-28,10:10:00:600,92,0.0367,11.712315275610052,1161.587783686857,3.6050000000000004,0.0,30.03486
2025-01-28,10:16:55:657,93,-0.0084,11.712315275610052,1161.587783686857,3.6050000000000004,0.0,30.0653
2025-01-28,10:10:00:878,92,0.0219,11.712315275610052,1161.587783686857,3.6050000000000004,0.0,30.2366
2025-01-28,10:16:55:850,93,-0.0084,11.712315275610052,1161.587783686857,3.6050000000000004,0.0,30.25563
2025-01-28,10:10:01:028,92,0.0129,11.712315275610052,1161.587783686857,3.6050000000000004,0.0,30.43555
2025-01-28,10:16:56:049,93,-0.0084,11.712315275610052,1161.587783686857,3.6050000000000004,0.0,30.45825
2025-01-28,10:10:01:302,92,0.0047,11.712315275610052,1161.587783686857,3.6050000000000004,0.0,30.63463
2025-01-28,10:16:56:226,93,-0.009,11.712315275610052,1161.587783686857,3.6050000000000004,0.0,30.65545
2025-01-28,10:10:01:716,92,-0.0026,11.712315275610052,1161.587783686857,3.6050000000000004,0.0,30.83572
2025-01-28,10:16:56:416,93,-0.009,11.712315275610052,1161.587783686857,3.6050000000000004,0.0,30.85533
2025-01-28,10:10:02:020,92,-0.0026,11.712315275610052,1161.587783686857,3.6050000000000004,0.0,31.0346
2025-01-28,10:16:56:629,93,-0.0086,11.712315275610052,1161.587783686857,3.6050000000000004,0.0,31.05642
2025-01-28,10:10:02:105,92,-0.0026,11.712315275610052,1161.587783686857,3.6050000000000004,0.0,31.23457
2025-01-28,10:16:56:823,93,-0.0092,11.712315275610052,1161.587783686857,3.6050000000000004,0.0,31.25522
2025-01-28,10:10:02:166,92,-0.0026,11.712315275610052,1161.587783686857,3.6050000000000004,0.0,31.43383
2025-01-28,10:16:57:016,93,-0.0085,11.712315275610052,1161.587783686857,3.6050000000000004,0.0,31.45564
2025-01-28,10:10:02:277,92,-0.0026,11.712315275610052,1161.587783686857,3.6050000000000004,0.0,31.63442
2025-01-28,10:16:57:240,93,-0.0087,11.712315275610052,1161.587783686857,3.6050000000000004,0.0,31.65435
2025-01-28,10:10:02:393,92,-0.0026,11.712315275610052,1161.587783686857,3.6050000000000004,0.0,31.83458
2025-01-28,10:16:57:428,93,-0.009,11.712315275610052,1161.587783686857,3.6050000000000004,0.0,31.85713
2025-01-28,10:10:02:592,92,-0.0027,11.712315275610052,1161.587783686857,3.6050000000000004,0.0,32.03469
2025-01-28,10:16:57:616,93,-0.0089,11.712315275610052,1161.587783686857,3.6050000000000004,0.0,32.05603
2025-01-28,10:10:02:787,92,-0.0026,11.712315275610052,1161.587783686857,3.6050000000000004,0.0,32.23477
2025-01-28,10:16:57:831,93,-0.0089,11.712315275610052,1161.587783686857,3.6050000000000004,0.0,32.25526
2025-01-28,10:10:02:990,92,-0.0026,11.712315275610052,1161.587783686857,3.6050000000000004,0.0,32.43512
2025-01-28,10:16:58:024,93,-0.0094,11.712315275610052,1161.587783686857,3.6050000000000004,0.0,32.45477
2025-01-28,10:10:03:198,92,-0.0026,14.956081275313126,1559.3321130272157,3.6050000000000004,0.0504,32.6362
2025-01-28,10:16:58:232,93,-0.0089,11.712315275610052,1161.587783686857,3.6050000000000004,0.0,32.65612
2025-01-28,10:10:03:389,92,0.0194,14.956081275313126,1463.9067748591833,3.6050000000000004,0.0504,32.83464
2025-01-28,10:16:58:438,93,-0.0094,11.712315275610052,1161.587783686857,3.6050000000000004,0.0,32.85551
2025-01-28,10:10:03:611,92,0.0352,14.956081275313126,1463.9067748591833,3.6050000000000004,0.0504,33.03762
2025-01-28,10:16:58:632,93,-0.0089,11.712315275610052,1161.587783686857,3.6050000000000004,0.0,33.05846
2025-01-28,10:10:03:804,92,0.0365,14.512426533884735,1422.5581529580575,3.6050000000000004,0.0435,33.23711
2025-01-28,10:16:58:866,93,-0.009,11.712315275610052,1161.587783686857,3.6050000000000004,0.0,33.2558
2025-01-28,10:10:04:018,92,0.0366,14.683055518471868,1533.4219687029804,3.6050000000000004,0.0462,33.43436
2025-01-28,10:16:59:035,93,-0.0089,11.712315275610052,1161.587783686857,3.6050000000000004,0.0,33.45684
2025-01-28,10:10:04:193,92,0.0395,14.856361420950254,1549.8686988481793,3.6050000000000004,0.0489,33.63472
2025-01-28,10:16:59:229,93,-0.0087,11.712315275610052,1161.587783686857,3.6050000000000004,0.0,33.6554
2025-01-28,10:10:04:395,92,0.046,11.712315275610052,1161.587783686857,3.6050000000000004,0.0,33.83382
2025-01-28,10:16:59:424,93,-0.0089,11.712315275610052,1161.587783686857,3.6050000000000004,0.0,33.85698
2025-01-28,10:10:04:600,92,0.0388,11.712315275610052,1161.587783686857,3.6050000000000004,0.0,34.03495
2025-01-28,10:16:59:647,93,-0.0094,11.712315275610052,1161.587783686857,3.6050000000000004,0.0,34.05518
2025-01-28,10:10:04:806,92,0.0219,11.712315275610052,1161.587783686857,3.6050000000000004,0.0,34.23458
2025-01-28,10:16:59:831,93,-0.0087,11.712315275610052,1161.587783686857,3.6050000000000004,0.0,34.25612
2025-01-28,10:10:04:994,92,0.0103,11.712315275610052,1161.587783686857,3.6050000000000004,0.0,34.43497
2025-01-28,10:10:05:187,92,0.0031,11.712315275610052,1161.587783686857,3.6050000000000004,0.0,34.63475
2025-01-28,10:10:05:402,92,-0.0022,11.712315275610052,1161.587783686857,3.6050000000000004,0.0,34.83529
2025-01-28,10:10:05:596,92,-0.0026,11.743386353210237,1254.4473649196516,3.6050000000000004,0.0005,35.03592
2025-01-28,10:10:05:787,92,-0.0014,11.915782768577627,1270.8077847380168,3.6050000000000004,0.0032,35.23522
2025-01-28,10:10:05:996,92,0.004,12.087962678783366,1287.1476582165415,3.6050000000000004,0.0058,35.43427
2025-01-28,10:10:06:188,92,0.0079,12.261049789245073,1303.5736249993574,3.6050000000000004,0.0085,35.63437
2025-01-28,10:10:06:383,92,0.0093,12.433988740694742,1319.9855314919312,3.6050000000000004,0.0112,35.8343
2025-01-28,10:10:06:584,92,0.0116,12.606591556892692,1336.3655387491165,3.6050000000000004,0.0139,36.03384
2025-01-28,10:10:06:786,92,0.0145,12.780124117520307,1352.8337787526773,3.6050000000000004,0.0166,36.23446
2025-01-28,10:10:06:986,92,0.017,12.952813298987998,1369.221982073961,3.6050000000000004,0.0193,36.43409
2025-01-28,10:10:07:203,92,0.0194,13.12641438417236,1385.696725057957,3.6050000000000004,0.022,36.63479
2025-01-28,10:10:07:403,92,0.0215,13.299215070096292,1402.095510152138,3.6050000000000004,0.0247,36.83456
2025-01-28,10:10:07:602,92,0.0242,13.472731411893907,1418.5622109887317,3.6050000000000004,0.0274,37.03515
2025-01-28,10:10:07:808,92,0.027,13.645913645793557,1434.9972049858086,3.6050000000000004,0.03,37.23536
2025-01-28,10:10:08:001,92,0.0294,13.817120020728634,1451.2446899671475,3.6050000000000004,0.0327,37.43329
2025-01-28,10:10:08:219,92,0.0321,13.990640417233749,1467.7117755954828,3.6050000000000004,0.0354,37.63389
2025-01-28,10:10:08:414,92,0.0342,14.16348002834968,1484.1142546903848,3.6050000000000004,0.0381,37.8337
2025-01-28,10:10:08:586,92,0.0365,14.336934333122551,1500.5750682133303,3.6050000000000004,0.0408,38.03423
2025-01-28,10:10:08:785,92,0.0397,14.509698121208237,1516.9703517026617,3.6050000000000004,0.0435,38.23395
2025-01-28,10:10:08:985,92,0.0435,14.68204305800921,1533.325886205074,3.6050000000000004,0.0461,38.43319
2025-01-28,10:10:09:186,92,0.0466,14.85686258279721,1549.9162591074553,3.6050000000000004,0.0489,38.6353
2025-01-28,10:10:09:386,92,0.0491,11.712315275610052,1161.587783686857,3.6050000000000004,0.0,38.83472
2025-01-28,10:10:09:587,92,0.0416,11.712315275610052,1161.587783686857,3.6050000000000004,0.0,39.03395
2025-01-28,10:10:09:794,92,0.0246,11.712315275610052,1161.587783686857,3.6050000000000004,0.0,39.234
2025-01-28,10:10:10:021,92,0.0098,11.712315275610052,1161.587783686857,3.6050000000000004,0.0,39.43418
2025-01-28,10:10:10:202,92,0.003,11.712315275610052,1161.587783686857,3.6050000000000004,0.0,39.63458
2025-01-28,10:10:10:397,92,-0.0019,11.712315275610052,1161.587783686857,3.6050000000000004,0.0,39.8344
2025-01-28,10:10:10:591,92,-0.0026,11.744417518038592,1254.5452224618625,3.6050000000000004,0.0005,40.03711
2025-01-28,10:10:10:803,92,-0.0008,11.915005278414572,1270.734000921543,3.6050000000000004,0.0031,40.23432
2025-01-28,10:10:11:002,92,0.0039,12.088847415959785,1287.2316197745836,3.6050000000000004,0.0059,40.4353
2025-01-28,10:10:11:831,92,0.0073,12.260528353860622,1303.524140781373,3.6050000000000004,0.0085,40.63377
2025-01-28,10:10:11:950,92,0.0093,12.433590568418278,1319.9477449428946,3.6050000000000004,0.0112,40.83384
2025-01-28,10:10:12:060,92,0.0117,12.607251257802881,1336.4281443654934,3.6050000000000004,0.0139,41.0346
2025-01-28,10:10:12:145,92,0.0146,12.780557160281267,1352.8748745106923,3.6050000000000004,0.0166,41.23495
2025-01-28,10:10:12:249,92,0.0169,12.95249378803703,1369.1916604847142,3.6050000000000004,0.0193,41.43372
2025-01-28,10:10:12:329,92,0.0192,13.12683526281082,1385.7366664407468,3.6050000000000004,0.022,41.63527
2025-01-28,10:10:12:409,92,0.0218,13.299163169840295,1402.090584817844,3.6050000000000004,0.0247,41.8345
2025-01-28,10:10:12:601,92,0.0242,13.474527647316243,1418.7326737303115,3.6050000000000004,0.0274,42.03723
2025-01-28,10:10:12:793,92,0.0269,13.644067537468974,1434.8220093058058,3.6050000000000004,0.03,42.23323
2025-01-28,10:10:12:983,92,0.0294,13.81738195483311,1451.2695475136622,3.6050000000000004,0.0327,42.43359
2025-01-28,10:10:13:210,92,0.032,13.9917518125594,1467.817247011887,3.6050000000000004,0.0354,42.63517
2025-01-28,10:10:13:390,92,0.0343,14.164199738930863,1484.182555224539,3.6050000000000004,0.0381,42.83453
2025-01-28,10:10:13:584,92,0.037,14.336899462638051,1500.5717590043512,3.6050000000000004,0.0408,43.03418
2025-01-28,10:10:13:792,92,0.0405,14.510576776323406,1517.0537360730914,3.6050000000000004,0.0435,43.23497
2025-01-28,10:10:13:993,92,0.044,14.683672239482561,1533.480495526895,3.6050000000000004,0.0462,43.43508
2025-01-28,10:10:14:185,92,0.0467,14.855554939628576,1549.7921637707518,3.6050000000000004,0.0488,43.63379
2025-01-28,10:10:14:414,92,0.0496,11.712315275610052,1161.587783686857,3.6050000000000004,0.0,43.83426
2025-01-28,10:10:14:591,92,0.0442,11.712315275610052,1161.587783686857,3.6050000000000004,0.0,44.03539
2025-01-28,10:10:14:811,92,0.0261,11.712315275610052,1161.587783686857,3.6050000000000004,0.0,44.23438
2025-01-28,10:10:14:998,92,0.0125,11.712315275610052,1161.587783686857,3.6050000000000004,0.0,44.43482
2025-01-28,10:10:15:193,92,0.0047,11.712315275610052,1161.587783686857,3.6050000000000004,0.0,44.63387
2025-01-28,10:10:15:396,92,-0.0012,11.712315275610052,1161.587783686857,3.6050000000000004,0.0,44.83455
2025-01-28,10:10:15:583,92,-0.0022,11.742478929945358,1254.3612504518146,3.6050000000000004,0.0005,45.03487
2025-01-28,10:10:15:786,92,-0.0009,11.91557861405502,1270.7884104738214,3.6050000000000004,0.0032,45.23499
2025-01-28,10:10:15:984,92,0.0038,12.087020202572154,1287.0582172240975,3.6050000000000004,0.0058,45.43318
2025-01-28,10:10:16:190,92,0.0076,12.261010864053075,1303.569930998637,3.6050000000000004,0.0085,45.63433
2025-01-28,10:10:16:381,92,0.0091,12.433549615872531,1319.9438585463033,3.6050000000000004,0.0112,45.83379
2025-01-28,10:10:16:589,92,0.0115,12.607655512140596,1336.4665081021426,3.6050000000000004,0.0139,46.03507
2025-01-28,10:10:16:783,92,0.0143,12.780074650088814,1352.8290842934284,3.6050000000000004,0.0166,46.2344
2025-01-28,10:10:17:052,92,0.0174,12.958688975625712,1369.7795837868803,3.6050000000000004,0.0194,46.44089
2025-01-28,10:10:17:186,92,0.0187,13.126921628080563,1385.7448625048455,3.6050000000000004,0.022,46.63538
2025-01-28,10:10:17:402,92,0.0218,13.300986571802879,1402.2636256640933,3.6050000000000004,0.0247,46.83661
2025-01-28,10:10:17:591,92,0.0242,13.473087820683126,1418.5960341828288,3.6050000000000004,0.0274,47.03556
2025-01-28,10:10:17:811,92,0.0273,13.647891126641126,1435.1848679182428,3.6050000000000004,0.0301,47.23765
2025-01-28,10:10:17:994,92,0.0296,13.818351029925518,1451.3615127399316,3.6050000000000004,0.0327,47.43471
2025-01-28,10:10:18:194,92,0.0322,13.991178882389699,1467.7628759387826,3.6050000000000004,0.0354,47.63451
2025-01-28,10:10:18:425,92,0.035,14.164142162084367,1484.1770911818066,3.6050000000000004,0.0381,47.83447
2025-01-28,10:10:18:611,92,0.0374,14.339262951639586,1500.7960541105967,3.6050000000000004,0.0408,48.03692
2025-01-28,10:10:18:798,92,0.0404,14.509891936226719,1516.9887447479157,3.6050000000000004,0.0435,48.23418
2025-01-28,10:10:19:024,92,0.0442,14.683519782480577,1533.4660273574068,3.6050000000000004,0.0462,48.4349
2025-01-28,10:10:19:185,92,0.0464,14.85571996622381,1549.8078247946398,3.6050000000000004,0.0488,48.63398
2025-01-28,10:10:19:391,92,0.0494,11.712315275610052,1161.587783686857,3.6050000000000004,0.0,48.83477
2025-01-28,10:10:19:585,92,0.0424,11.712315275610052,1161.587783686857,3.6050000000000004,0.0,49.03523
2025-01-28,10:10:19:814,92,0.0238,11.712315275610052,1161.587783686857,3.6050000000000004,0.0,49.23595
2025-01-28,10:10:19:994,92,0.0113,12.278084020921764,1305.1901735854753,3.6050000000000004,0.0088,49.4357
2025-01-28,10:10:20:199,92,0.0091,12.61604591836958,1337.2627576532732,3.6050000000000004,0.014,49.63497
2025-01-28,10:10:20:412,92,0.0126,12.999858853693942,1373.6866052155551,3.6050000000000004,0.02,49.83477
2025-01-28,10:10:20:595,92,0.0175,13.405688850741292,1412.1998719353487,3.6050000000000004,0.0263,50.03509
2025-01-28,10:10:20:795,92,0.0229,13.809545016177825,1450.5258220352757,3.6050000000000004,0.0326,50.2367
2025-01-28,10:10:20:997,92,0.0291,14.179283656300232,1485.614018982892,3.6050000000000004,0.0383,50.43615
2025-01-28,10:10:21:194,92,0.0343,14.494607716306867,1515.5382722775216,3.6050000000000004,0.0432,50.63447
2025-01-28,10:10:21:387,92,0.0397,14.740337993202123,1538.8580755548817,3.6050000000000004,0.047,50.83485
2025-01-28,10:10:21:611,92,0.0461,14.898152074736677,1553.8346318925107,3.6050000000000004,0.0495,51.03667
2025-01-28,10:10:21:795,92,0.0498,14.955725271994659,1559.2983283122933,3.6050000000000004,0.0504,51.23332
2025-01-28,10:10:21:984,92,0.0518,14.912747399852343,1459.8680576662384,3.6050000000000004,0.0497,51.43436
2025-01-28,10:10:22:215,92,0.052,14.770183884165391,1446.5811380042144,3.6050000000000004,0.0475,51.63474
2025-01-28,10:10:22:383,92,0.0511,14.538281376256117,1424.9678242670702,3.6050000000000004,0.0439,51.83422
2025-01-28,10:10:22:585,92,0.0492,14.230578544465786,1396.2899203442112,3.6050000000000004,0.0391,52.03401
2025-01-28,10:10:22:795,92,0.0452,13.858584270561337,1361.6200540163168,3.6050000000000004,0.0333,52.238
2025-01-28,10:10:22:991,92,0.04,13.46321501339228,1324.7716392481605,3.6050000000000004,0.0272,52.43663
2025-01-28,10:10:23:184,92,0.0345,13.06030075650791,1287.2200305065373,3.6050000000000004,0.0209,52.63503
2025-01-28,10:10:23:390,92,0.0291,12.672844261024375,1251.1090851274719,3.6050000000000004,0.0149,52.83423
2025-01-28,10:10:23:592,92,0.023,12.324150769237296,1218.610851692916,3.6050000000000004,0.0095,53.03497
2025-01-28,10:10:23:815,92,0.016,12.037872728045475,1191.9297382538382,3.6050000000000004,0.0051,53.23695
2025-01-28,10:10:23:993,92,0.0105,11.837842086248736,1173.2868824383822,3.6050000000000004,0.002,53.43486
2025-01-28,10:10:24:190,92,0.0049,11.729598348740703,1163.1985661026335,3.6050000000000004,0.0003,53.63372
2025-01-28,10:10:24:405,92,-0.0006,11.721366846498631,1162.4313900936725,3.6050000000000004,0.0001,53.83411
2025-01-28,10:10:24:604,92,-0.0015,11.814703127507679,1261.2153268004788,3.6050000000000004,0.0016,54.03427
2025-01-28,10:10:24:790,92,-0.0,12.003587094558414,1279.1404152735936,3.6050000000000004,0.0045,54.23436
2025-01-28,10:10:24:982,92,0.0047,12.276060316408698,1304.9981240271854,3.6050000000000004,0.0088,54.43439
2025-01-28,10:10:25:190,92,0.0093,12.618103276954889,1337.458000983019,3.6050000000000004,0.0141,54.6361
2025-01-28,10:10:25:391,92,0.013,12.99913671028826,1373.618073806356,3.6050000000000004,0.02,54.83441
2025-01-28,10:10:25:593,92,0.0178,13.40999454463515,1412.6084822858759,3.6050000000000004,0.0264,55.0372
2025-01-28,10:10:25:796,92,0.0234,13.804672068704773,1450.0633793200832,3.6050000000000004,0.0325,55.2342
2025-01-28,10:10:25:989,92,0.0287,14.179160798662991,1485.602359793118,3.6050000000000004,0.0383,55.43608
2025-01-28,10:10:26:185,92,0.0341,14.492715789787542,1515.3587284508378,3.6050000000000004,0.0432,55.63314
2025-01-28,10:10:26:407,92,0.0404,14.742618766170665,1539.0745209095962,3.6050000000000004,0.0471,55.8371
2025-01-28,10:10:26:589,92,0.0455,14.897278285270508,1553.7517092721712,3.6050000000000004,0.0495,56.03506
2025-01-28,10:10:26:783,92,0.0496,14.955750005710405,1559.3006755419176,3.6050000000000004,0.0504,56.23391
2025-01-28,10:10:26:983,92,0.052,14.912817140821335,1459.8745575245484,3.6050000000000004,0.0497,56.43422
2025-01-28,10:10:27:182,92,0.0521,14.770900350980575,1446.6479127113896,3.6050000000000004,0.0475,56.63398
2025-01-28,10:10:27:387,92,0.0506,14.53709253601723,1424.8570243568058,3.6050000000000004,0.0439,56.83509
2025-01-28,10:10:27:584,92,0.0492,14.232389376835119,1396.458689921033,3.6050000000000004,0.0392,57.03295
2025-01-28,10:10:27:791,92,0.0455,13.866009250934658,1362.31206218711,3.6050000000000004,0.0335,57.23415
2025-01-28,10:10:28:717,92,0.0399,13.462939698753054,1324.7459799237847,3.6050000000000004,0.0272,57.43676
2025-01-28,10:10:28:801,92,0.0344,13.061931154393513,1287.3719835894753,3.6050000000000004,0.021,57.63422
2025-01-28,10:10:28:893,92,0.0293,12.67094260320705,1250.9318506188972,3.6050000000000004,0.0149,57.83525
2025-01-28,10:10:28:967,92,0.0226,12.318214271987088,1218.0575701491966,3.6050000000000004,0.0094,58.0387
2025-01-28,10:10:29:046,92,0.0161,12.040014951658756,1192.1293934945961,3.6050000000000004,0.0051,58.2352
2025-01-28,10:10:29:118,92,0.0105,11.836901880673722,1173.1992552787908,3.6050000000000004,0.0019,58.43605
2025-01-28,10:10:29:219,92,0.0054,11.72951318366438,1163.1906287175202,3.6050000000000004,0.0003,58.63401
2025-01-28,10:10:29:408,92,-0.0006,11.721913039927076,1162.4822953212035,3.6050000000000004,0.0001,58.83662
2025-01-28,10:10:29:588,92,-0.0013,11.814462440070502,1261.1924855626908,3.6050000000000004,0.0016,59.03393
2025-01-28,10:10:29:784,92,0.0003,12.004219426192982,1279.200423545714,3.6050000000000004,0.0045,59.2349
2025-01-28,10:10:30:007,92,0.0057,12.27790277549653,1305.1729733946208,3.6050000000000004,0.0088,59.43559
2025-01-28,10:10:30:193,92,0.009,12.614090332942503,1337.0771725962436,3.6050000000000004,0.014,59.6339
2025-01-28,10:10:30:383,92,0.0124,12.998995606467272,1373.604683053744,3.6050000000000004,0.02,59.83434
2025-01-28,10:10:30:587,92,0.0178,13.403261702832017,1411.9695355987585,3.6050000000000004,0.0263,60.03389
2025-01-28,10:10:30:799,92,0.0234,13.80361054628137,1449.962640842102,3.6050000000000004,0.0325,60.23366
2025-01-28,10:10:31:018,92,0.0294,14.176585653929978,1485.357978557955,3.6050000000000004,0.0383,60.4346
2025-01-28,10:10:31:195,92,0.034,14.49392206526868,1515.473203993998,3.6050000000000004,0.0432,60.63398
2025-01-28,10:10:31:396,92,0.0397,14.740665613568096,1538.8891667276123,3.6050000000000004,0.0471,60.83517
2025-01-28,10:10:31:585,92,0.0453,14.897160293282269,1553.7405118324875,3.6050000000000004,0.0495,61.03484
2025-01-28,10:10:31:806,92,0.0499,14.955860293754396,1559.3111418772924,3.6050000000000004,0.0504,61.23687
2025-01-28,10:10:31:999,92,0.0519,14.912719827841345,1459.8654879548135,3.6050000000000004,0.0497,61.43442
2025-01-28,10:10:32:187,92,0.0521,14.769725296747184,1446.5383976568376,3.6050000000000004,0.0475,61.63522
2025-01-28,10:10:32:387,92,0.0509,14.536209420723807,1424.7747180114588,3.6050000000000004,0.0439,61.83574
2025-01-28,10:10:32:598,92,0.0489,14.229385244048647,1396.178704745334,3.6050000000000004,0.0391,62.03471
2025-01-28,10:10:32:819,92,0.045,13.863070398938927,1362.038161181108,3.6050000000000004,0.0334,62.23567
2025-01-28,10:10:33:056,92,0.0389,13.468263529700069,1325.2421609680464,3.6050000000000004,0.0273,62.43415
2025-01-28,10:10:33:193,92,0.0358,13.060366037298655,1287.2261146762346,3.6050000000000004,0.0209,62.635
2025-01-28,10:10:33:386,92,0.0299,12.674294224426244,1251.244221716526,3.6050000000000004,0.0149,62.83345
2025-01-28,10:10:33:595,92,0.0232,12.325442193575928,1218.7312124412765,3.6050000000000004,0.0095,63.03416
2025-01-28,10:10:33:785,92,0.017,12.039952792992786,1192.1236003069278,3.6050000000000004,0.0051,63.23526
2025-01-28,10:10:33:997,92,0.0102,11.838216214109726,1173.3217511550265,3.6050000000000004,0.002,63.43438
2025-01-28,10:10:34:183,92,0.0049,11.729469486081657,1163.1865561028105,3.6050000000000004,0.0003,63.63416
2025-01-28,10:10:34:397,92,-0.0005,11.721455397255715,1162.4396430242327,3.6050000000000004,0.0001,63.83452
2025-01-28,10:10:34:590,92,-0.0011,11.815642684329493,1261.304490742869,3.6050000000000004,0.0016,64.03558
2025-01-28,10:10:34:808,92,0.0005,12.007430795079763,1279.5051824530697,3.6050000000000004,0.0046,64.23765
2025-01-28,10:10:34:991,92,0.0048,12.279296378464153,1305.305226316248,3.6050000000000004,0.0088,64.43649
2025-01-28,10:10:35:189,92,0.0093,12.615169696078906,1337.1796041578882,3.6050000000000004,0.014,64.63449
2025-01-28,10:10:35:405,92,0.0132,12.997377372704168,1373.4511126696257,3.6050000000000004,0.02,64.83353
2025-01-28,10:10:35:591,92,0.0177,13.40441567258641,1412.0790473284503,3.6050000000000004,0.0263,65.03446
2025-01-28,10:10:35:782,92,0.023,13.803744351628858,1449.9753389695786,3.6050000000000004,0.0325,65.23373
2025-01-28,10:10:35:990,92,0.0291,14.175817286858797,1485.2850605228998,3.6050000000000004,0.0383,65.43416
2025-01-28,10:10:36:189,92,0.0345,14.493128559011003,1515.3979002501444,3.6050000000000004,0.0432,65.63343
2025-01-28,10:10:36:387,92,0.0401,14.740427602237865,1538.8665794523736,3.6050000000000004,0.047,65.83494
2025-01-28,10:10:36:607,92,0.0461,14.896591417820073,1553.686525551125,3.6050000000000004,0.0495,66.0338
2025-01-28,10:10:36:795,92,0.0496,14.955779199604404,1559.303446042458,3.6050000000000004,0.0504,66.23464
2025-01-28,10:10:36:998,92,0.0517,14.91242586154762,1459.8380902962383,3.6050000000000004,0.0497,66.43505
2025-01-28,10:10:37:190,92,0.0521,14.771292441195794,1446.684455519448,3.6050000000000004,0.0475,66.63357
2025-01-28,10:10:37:397,92,0.0513,14.537302569865709,1424.876599511484,3.6050000000000004,0.0439,66.83494
2025-01-28,10:10:37:595,92,0.0491,14.229815043043606,1396.2187620116642,3.6050000000000004,0.0391,67.03446
2025-01-28,10:10:37:795,92,0.0454,13.862270810619998,1361.963639549784,3.6050000000000004,0.0334,67.23609
2025-01-28,10:10:38:002,92,0.0398,13.467383658172649,1325.160156941691,3.6050000000000004,0.0273,67.43458
2025-01-28,10:10:38:208,92,0.0343,13.06350884108162,1287.519023988807,3.6050000000000004,0.021,67.63344
2025-01-28,10:10:38:431,92,0.0283,12.670980311986797,1250.9353650771695,3.6050000000000004,0.0149,67.83524
2025-01-28,10:10:38:586,92,0.0238,12.325719941039651,1218.7570985048956,3.6050000000000004,0.0095,68.03399
2025-01-28,10:10:38:839,92,0.0157,12.041682450117976,1192.2848043509955,3.6050000000000004,0.0051,68.23385
2025-01-28,10:10:39:356,92,0.011,11.837913651836104,1173.2935523511248,3.6050000000000004,0.002,68.43477
2025-01-28,10:10:39:447,92,0.0054,11.729544311653854,1163.1935298461392,3.6050000000000004,0.0003,68.6339
2025-01-28,10:10:39:538,92,-0.0001,11.721301687349111,1162.4253172609372,3.6050000000000004,0.0001,68.83381
2025-01-28,10:10:39:633,92,-0.0011,11.815014893967325,1261.2449134374992,3.6050000000000004,0.0016,69.03471
2025-01-28,10:10:39:787,92,-0.0004,12.00331129335429,1279.1142417393223,3.6050000000000004,0.0045,69.23412
2025-01-28,10:10:39:984,92,0.0036,12.275244914730523,1304.9207424079268,3.6050000000000004,0.0087,69.43386
2025-01-28,10:10:40:201,92,0.0094,12.616693455157268,1337.3242088944248,3.6050000000000004,0.0141,69.63532
2025-01-28,10:10:40:385,92,0.0126,12.999390940448487,1373.6422002485615,3.6050000000000004,0.02,69.83453
2025-01-28,10:10:40:579,92,0.0178,13.401180421472459,1411.7720219977364,3.6050000000000004,0.0262,70.03288
2025-01-28,10:10:40:805,92,0.0239,13.8065664280486,1450.2431540218122,3.6050000000000004,0.0325,70.23518
2025-01-28,10:10:40:993,92,0.029,14.174286229306938,1485.1397631612285,3.6050000000000004,0.0383,70.43328
2025-01-28,10:10:41:188,92,0.0343,14.496088090014984,1515.678759742422,3.6050000000000004,0.0433,70.63551
2025-01-28,10:10:41:412,92,0.041,14.740238247397631,1538.8486096780352,3.6050000000000004,0.047,70.83475
2025-01-28,10:10:41:592,92,0.0456,14.897413712500995,1553.7645613163445,3.6050000000000004,0.0495,71.03531
2025-01-28,10:10:41:781,92,0.0492,14.95573175952666,1559.2989439790801,3.6050000000000004,0.0504,71.23347
2025-01-28,10:10:41:987,92,0.0516,14.912726315373344,1459.8660925927957,3.6050000000000004,0.0497,71.43441
2025-01-28,10:10:42:194,92,0.052,14.769018155759248,1446.472492116762,3.6050000000000004,0.0475,71.63597
2025-01-28,10:10:42:387,92,0.051,14.537656545830426,1424.9095900713958,3.6050000000000004,0.0439,71.83468
2025-01-28,10:10:42:613,92,0.0491,14.209596649567455,1394.3344077396869,3.6050000000000004,0.0388,72.0463
2025-01-28,10:10:42:802,92,0.0456,13.861412834513077,1361.8836761766188,3.6050000000000004,0.0334,72.23653
2025-01-28,10:10:43:000,92,0.0402,13.462137677609627,1324.6712315532172,3.6050000000000004,0.0272,72.43716
2025-01-28,10:10:43:193,92,0.0347,13.056504739346758,1286.866241707118,3.6050000000000004,0.0209,72.63692
2025-01-28,10:10:43:399,92,0.0289,12.671665152083486,1250.999192174181,3.6050000000000004,0.0149,72.83486
2025-01-28,10:10:43:582,92,0.0233,12.323663798866589,1218.5654660543662,3.6050000000000004,0.0095,73.03528
2025-01-28,10:10:43:791,92,0.0166,12.039962767573234,1192.1245299378254,3.6050000000000004,0.0051,73.23524
2025-01-28,10:10:43:999,92,0.0099,14.956081275313126,1559.3321130272157,3.6050000000000004,0.0504,73.43809
2025-01-28,10:10:44:204,92,0.0263,14.956081275313126,1463.9067748591833,3.6050000000000004,0.0504,73.63671
2025-01-28,10:10:44:390,92,0.0367,14.956081275313126,1463.9067748591833,3.6050000000000004,0.0504,73.83499
2025-01-28,10:10:44:591,92,0.0375,14.956081275313126,1463.9067748591833,3.6050000000000004,0.0504,74.03514
2025-01-28,10:10:44:789,92,0.0375,14.956081275313126,1463.9067748591833,3.6050000000000004,0.0504,74.23534
2025-01-28,10:10:45:003,92,0.0375,14.956081275313126,1463.9067748591833,3.6050000000000004,0.0504,74.43393
2025-01-28,10:10:45:188,92,0.0375,14.956081275313126,1463.9067748591833,3.6050000000000004,0.0504,74.63477
2025-01-28,10:10:45:384,92,0.0375,14.956081275313126,1463.9067748591833,3.6050000000000004,0.0504,74.83391
2025-01-28,10:10:45:589,92,0.0376,11.712315275610052,1161.587783686857,3.6050000000000004,0.0,75.03444
2025-01-28,10:10:45:790,92,0.0293,11.712315275610052,1161.587783686857,3.6050000000000004,0.0,75.23576
2025-01-28,10:10:45:989,92,0.0131,11.712315275610052,1161.587783686857,3.6050000000000004,0.0,75.43433
2025-01-28,10:10:46:194,92,0.0043,11.712315275610052,1161.587783686857,3.6050000000000004,0.0,75.63517
2025-01-28,10:10:46:404,92,-0.001,11.712315275610052,1161.587783686857,3.6050000000000004,0.0,75.83501
2025-01-28,10:10:46:615,92,-0.0014,11.712315275610052,1161.587783686857,3.6050000000000004,0.0,76.03377
2025-01-28,10:10:46:813,92,-0.0014,11.712315275610052,1161.587783686857,3.6050000000000004,0.0,76.23531
2025-01-28,10:10:46:992,92,-0.0014,11.712315275610052,1161.587783686857,3.6050000000000004,0.0,76.4337
2025-01-28,10:10:47:185,92,-0.0014,11.712315275610052,1161.587783686857,3.6050000000000004,0.0,76.6343
2025-01-28,10:10:47:403,92,-0.0014,11.712315275610052,1161.587783686857,3.6050000000000004,0.0,76.83392
2025-01-28,10:10:47:592,92,-0.0014,11.712315275610052,1161.587783686857,3.6050000000000004,0.0,77.03465
2025-01-28,10:10:47:882,92,-0.0014,11.712315275610052,1161.587783686857,3.6050000000000004,0.0,77.23402
2025-01-28,10:10:47:992,92,-0.0014,11.712315275610052,1161.587783686857,3.6050000000000004,0.0,77.43477
2025-01-28,10:10:48:188,92,-0.0014,14.956081275313126,1559.3321130272157,3.6050000000000004,0.0504,77.63428
2025-01-28,10:10:48:410,92,0.0241,14.956081275313126,1463.9067748591833,3.6050000000000004,0.0504,77.83463
2025-01-28,10:10:48:675,92,0.0374,14.956081275313126,1463.9067748591833,3.6050000000000004,0.0504,78.03384
2025-01-28,10:10:48:977,92,0.0378,14.956081275313126,1463.9067748591833,3.6050000000000004,0.0504,78.23442
2025-01-28,10:10:49:077,92,0.038,14.956081275313126,1463.9067748591833,3.6050000000000004,0.0504,78.4353
2025-01-28,10:10:49:217,92,0.038,14.956081275313126,1463.9067748591833,3.6050000000000004,0.0504,78.63409
2025-01-28,10:10:49:499,92,0.038,14.956081275313126,1463.9067748591833,3.6050000000000004,0.0504,78.83469
2025-01-28,10:10:49:589,92,0.038,14.956081275313126,1463.9067748591833,3.6050000000000004,0.0504,79.03603
2025-01-28,10:10:49:803,92,0.038,14.956081275313126,1463.9067748591833,3.6050000000000004,0.0504,79.23327
2025-01-28,10:10:50:049,92,0.038,14.956081275313126,1463.9067748591833,3.6050000000000004,0.0504,79.43529
2025-01-28,10:10:50:302,92,0.038,14.956081275313126,1463.9067748591833,3.6050000000000004,0.0504,79.63457
2025-01-28,10:10:50:390,92,0.038,14.956081275313126,1463.9067748591833,3.6050000000000004,0.0504,79.83381
2025-01-28,10:10:50:585,92,0.038,11.712315275610052,1161.587783686857,3.6050000000000004,0.0,80.03382
2025-01-28,10:10:50:845,92,0.0243,11.712315275610052,1161.587783686857,3.6050000000000004,0.0,80.23444
2025-01-28,10:10:50:996,92,0.0126,11.712315275610052,1161.587783686857,3.6050000000000004,0.0,80.43427
2025-01-28,10:10:51:185,92,0.0045,11.712315275610052,1161.587783686857,3.6050000000000004,0.0,80.634
2025-01-28,10:10:51:382,92,-0.0009,11.712315275610052,1161.587783686857,3.6050000000000004,0.0,80.83494
2025-01-28,10:10:51:655,92,-0.0018,11.712315275610052,1161.587783686857,3.6050000000000004,0.0,81.03578
2025-01-28,10:10:51:784,92,-0.0018,11.712315275610052,1161.587783686857,3.6050000000000004,0.0,81.23431
2025-01-28,10:10:51:982,92,-0.0018,11.712315275610052,1161.587783686857,3.6050000000000004,0.0,81.43461
2025-01-28,10:10:52:199,92,-0.0018,11.712315275610052,1161.587783686857,3.6050000000000004,0.0,81.63538
2025-01-28,10:10:52:463,92,-0.0018,11.712315275610052,1161.587783686857,3.6050000000000004,0.0,81.83498
2025-01-28,10:10:52:583,92,-0.0018,11.712315275610052,1161.587783686857,3.6050000000000004,0.0,82.03377
2025-01-28,10:10:52:805,92,-0.0018,11.712315275610052,1161.587783686857,3.6050000000000004,0.0,82.23613
2025-01-28,10:10:52:984,92,-0.0018,11.712315275610052,1161.587783686857,3.6050000000000004,0.0,82.43432
2025-01-28,10:10:53:187,92,-0.0018,14.956081275313126,1559.3321130272157,3.6050000000000004,0.0504,82.6349
2025-01-28,10:10:53:406,92,0.024,14.956081275313126,1463.9067748591833,3.6050000000000004,0.0504,82.83444
2025-01-28,10:10:53:586,92,0.0367,14.956081275313126,1463.9067748591833,3.6050000000000004,0.0504,83.03403
2025-01-28,10:10:53:785,92,0.0377,14.956081275313126,1463.9067748591833,3.6050000000000004,0.0504,83.2348
2025-01-28,10:10:53:997,92,0.0376,14.956081275313126,1463.9067748591833,3.6050000000000004,0.0504,83.43423
2025-01-28,10:10:54:201,92,0.0377,14.956081275313126,1463.9067748591833,3.6050000000000004,0.0504,83.63414
2025-01-28,10:10:54:386,92,0.0376,14.956081275313126,1463.9067748591833,3.6050000000000004,0.0504,83.83399
2025-01-28,10:10:54:600,92,0.0376,14.956081275313126,1463.9067748591833,3.6050000000000004,0.0504,84.03413
2025-01-28,10:10:54:831,92,0.0376,14.956081275313126,1463.9067748591833,3.6050000000000004,0.0504,84.23418
2025-01-28,10:10:54:997,92,0.0377,14.956081275313126,1463.9067748591833,3.6050000000000004,0.0504,84.43452
2025-01-28,10:10:55:217,92,0.0377,14.956081275313126,1463.9067748591833,3.6050000000000004,0.0504,84.63499
2025-01-28,10:10:55:394,92,0.0377,14.956081275313126,1463.9067748591833,3.6050000000000004,0.0504,84.83739
2025-01-28,10:10:55:586,92,0.0377,11.712315275610052,1161.587783686857,3.6050000000000004,0.0,85.03543
2025-01-28,10:10:55:787,92,0.0294,11.712315275610052,1161.587783686857,3.6050000000000004,0.0,85.23443
2025-01-28,10:10:55:989,92,0.013,11.712315275610052,1161.587783686857,3.6050000000000004,0.0,85.43327
2025-01-28,10:10:56:200,92,0.0039,11.712315275610052,1161.587783686857,3.6050000000000004,0.0,85.63522
2025-01-28,10:10:56:405,92,-0.0014,11.712315275610052,1161.587783686857,3.6050000000000004,0.0,85.83493
2025-01-28,10:10:56:584,92,-0.0019,11.712315275610052,1161.587783686857,3.6050000000000004,0.0,86.03476
2025-01-28,10:10:56:786,92,-0.0019,11.712315275610052,1161.587783686857,3.6050000000000004,0.0,86.23467
2025-01-28,10:10:56:993,92,-0.0019,11.712315275610052,1161.587783686857,3.6050000000000004,0.0,86.43622
2025-01-28,10:10:57:186,92,-0.0019,11.712315275610052,1161.587783686857,3.6050000000000004,0.0,86.63451
2025-01-28,10:10:57:388,92,-0.0019,11.712315275610052,1161.587783686857,3.6050000000000004,0.0,86.83582
2025-01-28,10:10:57:594,92,-0.0019,11.712315275610052,1161.587783686857,3.6050000000000004,0.0,87.0341
2025-01-28,10:10:57:793,92,-0.0019,11.712315275610052,1161.587783686857,3.6050000000000004,0.0,87.23467
2025-01-28,10:10:57:983,92,-0.0018,11.712315275610052,1161.587783686857,3.6050000000000004,0.0,87.43476
2025-01-28,10:10:58:202,92,-0.0019,14.956081275313126,1559.3321130272157,3.6050000000000004,0.0504,87.63744
2025-01-28,10:10:58:397,92,0.0199,14.956081275313126,1463.9067748591833,3.6050000000000004,0.0504,87.83691
2025-01-28,10:10:58:585,92,0.035,14.956081275313126,1463.9067748591833,3.6050000000000004,0.0504,88.03496
2025-01-28,10:10:58:793,92,0.037,14.956081275313126,1463.9067748591833,3.6050000000000004,0.0504,88.23496
2025-01-28,10:10:58:993,92,0.0372,14.956081275313126,1463.9067748591833,3.6050000000000004,0.0504,88.43523
2025-01-28,10:10:59:214,92,0.0371,14.956081275313126,1463.9067748591833,3.6050000000000004,0.0504,88.63377
2025-01-28,10:10:59:390,92,0.0371,14.956081275313126,1463.9067748591833,3.6050000000000004,0.0504,88.83339
2025-01-28,10:10:59:592,92,0.0372,14.956081275313126,1463.9067748591833,3.6050000000000004,0.0504,89.0341
2025-01-28,10:10:59:785,92,0.0372,14.956081275313126,1463.9067748591833,3.6050000000000004,0.0504,89.23486
2025-01-28,10:10:59:995,92,0.0372,14.956081275313126,1463.9067748591833,3.6050000000000004,0.0504,89.43577
2025-01-28,10:11:00:287,93,0.0372,14.956081275313126,1463.9067748591833,3.6050000000000004,0.0504,89.63435
2025-01-28,10:11:00:383,93,0.0372,14.956081275313126,1463.9067748591833,3.6050000000000004,0.0504,89.83462
2025-01-28,10:11:00:604,93,0.0372,11.712315275610052,1161.587783686857,3.6050000000000004,0.0,90.03619
2025-01-28,10:11:00:888,93,0.0214,11.712315275610052,1161.587783686857,3.6050000000000004,0.0,90.23409
2025-01-28,10:11:01:003,93,0.0132,11.712315275610052,1161.587783686857,3.6050000000000004,0.0,90.43494
2025-01-28,10:11:01:316,93,0.0054,11.712315275610052,1161.587783686857,3.6050000000000004,0.0,90.6342
2025-01-28,10:11:01:438,93,-0.0015,11.712315275610052,1161.587783686857,3.6050000000000004,0.0,90.83488
2025-01-28,10:11:01:583,93,-0.0019,11.712315275610052,1161.587783686857,3.6050000000000004,0.0,91.03429
2025-01-28,10:11:01:801,93,-0.0019,11.712315275610052,1161.587783686857,3.6050000000000004,0.0,91.23505
2025-01-28,10:11:01:991,93,-0.0019,11.712315275610052,1161.587783686857,3.6050000000000004,0.0,91.43528
2025-01-28,10:11:02:216,93,-0.0019,11.712315275610052,1161.587783686857,3.6050000000000004,0.0,91.64352
2025-01-28,10:11:02:411,93,-0.0019,11.712315275610052,1161.587783686857,3.6050000000000004,0.0,91.83623
2025-01-28,10:11:02:597,93,-0.0019,11.712315275610052,1161.587783686857,3.6050000000000004,0.0,92.03366
2025-01-28,10:11:02:807,93,-0.0019,11.712315275610052,1161.587783686857,3.6050000000000004,0.0,92.23536
2025-01-28,10:11:03:014,93,-0.0019,11.712315275610052,1161.587783686857,3.6050000000000004,0.0,92.43407
2025-01-28,10:11:03:194,93,-0.0019,14.956081275313126,1559.3321130272157,3.6050000000000004,0.0504,92.63483
2025-01-28,10:11:03:401,93,0.0221,14.956081275313126,1463.9067748591833,3.6050000000000004,0.0504,92.83524
2025-01-28,10:11:03:601,93,0.0361,14.956081275313126,1463.9067748591833,3.6050000000000004,0.0504,93.03735
2025-01-28,10:11:03:807,93,0.0372,14.956081275313126,1463.9067748591833,3.6050000000000004,0.0504,93.23468
2025-01-28,10:11:03:989,93,0.0374,14.956081275313126,1463.9067748591833,3.6050000000000004,0.0504,93.43525
2025-01-28,10:11:04:200,93,0.0374,14.956081275313126,1463.9067748591833,3.6050000000000004,0.0504,93.63544
2025-01-28,10:11:04:397,93,0.0374,14.956081275313126,1463.9067748591833,3.6050000000000004,0.0504,93.83627
2025-01-28,10:11:04:596,93,0.0374,14.956081275313126,1463.9067748591833,3.6050000000000004,0.0504,94.03614
2025-01-28,10:11:04:784,93,0.0374,14.956081275313126,1463.9067748591833,3.6050000000000004,0.0504,94.23348
2025-01-28,10:11:04:990,93,0.0374,14.956081275313126,1463.9067748591833,3.6050000000000004,0.0504,94.4341
2025-01-28,10:11:05:180,93,0.0374,14.956081275313126,1463.9067748591833,3.6050000000000004,0.0504,94.63406
2025-01-28,10:11:05:409,93,0.0374,14.956081275313126,1463.9067748591833,3.6050000000000004,0.0504,94.83408
2025-01-28,10:11:05:615,93,0.0374,11.712315275610052,1161.587783686857,3.6050000000000004,0.0,95.03487
2025-01-28,10:11:05:781,93,0.0322,11.712315275610052,1161.587783686857,3.6050000000000004,0.0,95.23416
2025-01-28,10:11:06:013,93,0.0132,11.712315275610052,1161.587783686857,3.6050000000000004,0.0,95.43485
2025-01-28,10:11:06:188,93,0.0055,11.712315275610052,1161.587783686857,3.6050000000000004,0.0,95.63458
2025-01-28,10:11:06:397,93,-0.001,11.712315275610052,1161.587783686857,3.6050000000000004,0.0,95.83425
2025-01-28,10:11:06:608,93,-0.0024,11.712315275610052,1161.587783686857,3.6050000000000004,0.0,96.03401
2025-01-28,10:11:06:783,93,-0.0024,11.712315275610052,1161.587783686857,3.6050000000000004,0.0,96.2337
2025-01-28,10:11:07:014,93,-0.0024,11.712315275610052,1161.587783686857,3.6050000000000004,0.0,96.4338
2025-01-28,10:11:07:195,93,-0.0024,11.712315275610052,1161.587783686857,3.6050000000000004,0.0,96.63416
2025-01-28,10:11:07:401,93,-0.0024,11.712315275610052,1161.587783686857,3.6050000000000004,0.0,96.84626
2025-01-28,10:11:07:604,93,-0.0024,11.712315275610052,1161.587783686857,3.6050000000000004,0.0,97.03695
2025-01-28,10:11:07:835,93,-0.0024,11.712315275610052,1161.587783686857,3.6050000000000004,0.0,97.23854
2025-01-28,10:11:07:993,93,-0.0024,11.712315275610052,1161.587783686857,3.6050000000000004,0.0,97.43802
2025-01-28,10:11:08:210,93,-0.0023,14.956081275313126,1559.3321130272157,3.6050000000000004,0.0504,97.63833
2025-01-28,10:11:08:483,93,0.0306,14.956081275313126,1463.9067748591833,3.6050000000000004,0.0504,97.90277
2025-01-28,10:11:08:590,93,0.039,14.956081275313126,1463.9067748591833,3.6050000000000004,0.0504,98.03484
2025-01-28,10:11:08:794,93,0.0398,14.956081275313126,1463.9067748591833,3.6050000000000004,0.0504,98.23405
2025-01-28,10:11:08:992,93,0.0398,14.956081275313126,1463.9067748591833,3.6050000000000004,0.0504,98.4338
2025-01-28,10:11:09:198,93,0.0398,14.956081275313126,1463.9067748591833,3.6050000000000004,0.0504,98.6367
2025-01-28,10:11:09:445,93,0.0398,14.956081275313126,1463.9067748591833,3.6050000000000004,0.0504,98.83466
2025-01-28,10:11:09:586,93,0.0398,14.956081275313126,1463.9067748591833,3.6050000000000004,0.0504,99.03397
2025-01-28,10:11:09:801,93,0.0398,14.956081275313126,1463.9067748591833,3.6050000000000004,0.0504,99.23415
2025-01-28,10:11:10:001,93,0.0398,14.956081275313126,1463.9067748591833,3.6050000000000004,0.0504,99.43405
2025-01-28,10:11:10:182,93,0.0398,14.956081275313126,1463.9067748591833,3.6050000000000004,0.0504,99.63432
2025-01-28,10:11:10:524,93,0.0398,14.956081275313126,1463.9067748591833,3.6050000000000004,0.0504,99.83334
2025-01-28,10:11:10:611,93,0.0398,11.712315275610052,1161.587783686857,3.6050000000000004,0.0,100.0363
2025-01-28,10:11:10:786,93,0.0328,11.712315275610052,1161.587783686857,3.6050000000000004,0.0,100.2346
2025-01-28,10:11:10:984,93,0.0162,11.712315275610052,1161.587783686857,3.6050000000000004,0.0,100.4351
2025-01-28,10:11:11:204,93,0.0055,11.712315275610052,1161.587783686857,3.6050000000000004,0.0,100.6348
2025-01-28,10:11:11:389,93,-0.0005,11.712315275610052,1161.587783686857,3.6050000000000004,0.0,100.8343
2025-01-28,10:11:11:595,93,-0.0023,11.712315275610052,1161.587783686857,3.6050000000000004,0.0,101.0355
2025-01-28,10:11:11:792,93,-0.0023,11.712315275610052,1161.587783686857,3.6050000000000004,0.0,101.2335
2025-01-28,10:11:12:027,93,-0.0023,11.712315275610052,1161.587783686857,3.6050000000000004,0.0,101.4366
2025-01-28,10:11:12:193,93,-0.0023,11.712315275610052,1161.587783686857,3.6050000000000004,0.0,101.6374
2025-01-28,10:11:12:389,93,-0.0022,11.712315275610052,1161.587783686857,3.6050000000000004,0.0,101.8339
2025-01-28,10:11:12:621,93,-0.0023,11.712315275610052,1161.587783686857,3.6050000000000004,0.0,102.035
2025-01-28,10:11:12:788,93,-0.0023,11.712315275610052,1161.587783686857,3.6050000000000004,0.0,102.2349
2025-01-28,10:11:12:986,93,-0.0023,11.712315275610052,1161.587783686857,3.6050000000000004,0.0,102.4374
2025-01-28,10:11:13:231,93,-0.0023,14.956081275313126,1559.3321130272157,3.6050000000000004,0.0504,102.6348
2025-01-28,10:11:13:395,93,0.0148,14.956081275313126,1463.9067748591833,3.6050000000000004,0.0504,102.8341
2025-01-28,10:11:13:585,93,0.0331,14.956081275313126,1463.9067748591833,3.6050000000000004,0.0504,103.0355
2025-01-28,10:11:13:798,93,0.036,14.956081275313126,1463.9067748591833,3.6050000000000004,0.0504,103.2345
2025-01-28,10:11:13:991,93,0.0365,14.956081275313126,1463.9067748591833,3.6050000000000004,0.0504,103.4344
2025-01-28,10:11:14:191,93,0.0365,14.956081275313126,1463.9067748591833,3.6050000000000004,0.0504,103.6336
2025-01-28,10:11:14:412,93,0.0365,14.956081275313126,1463.9067748591833,3.6050000000000004,0.0504,103.8351
2025-01-28,10:11:14:588,93,0.0365,14.956081275313126,1463.9067748591833,3.6050000000000004,0.0504,104.0346
2025-01-28,10:11:14:781,93,0.0365,14.956081275313126,1463.9067748591833,3.6050000000000004,0.0504,104.234
2025-01-28,10:11:15:004,93,0.0365,14.956081275313126,1463.9067748591833,3.6050000000000004,0.0504,104.4335
2025-01-28,10:11:15:225,93,0.0365,14.956081275313126,1463.9067748591833,3.6050000000000004,0.0504,104.6353
2025-01-28,10:11:15:386,93,0.0365,14.956081275313126,1463.9067748591833,3.6050000000000004,0.0504,104.8345
2025-01-28,10:11:15:603,93,0.0365,11.712315275610052,1161.587783686857,3.6050000000000004,0.0,105.0352
2025-01-28,10:11:15:791,93,0.0295,11.712315275610052,1161.587783686857,3.6050000000000004,0.0,105.2352
2025-01-28,10:11:15:984,93,0.0142,11.712315275610052,1161.587783686857,3.6050000000000004,0.0,105.4363
2025-01-28,10:11:16:199,93,0.0048,11.712315275610052,1161.587783686857,3.6050000000000004,0.0,105.6347
2025-01-28,10:11:16:390,93,-0.0011,11.712315275610052,1161.587783686857,3.6050000000000004,0.0,105.8337
2025-01-28,10:11:16:581,93,-0.0023,11.712315275610052,1161.587783686857,3.6050000000000004,0.0,106.0354
2025-01-28,10:11:16:799,93,-0.0023,11.712315275610052,1161.587783686857,3.6050000000000004,0.0,106.2319
2025-01-28,10:11:16:992,93,-0.0023,11.712315275610052,1161.587783686857,3.6050000000000004,0.0,106.4315
2025-01-28,10:11:17:184,93,-0.0023,11.712315275610052,1161.587783686857,3.6050000000000004,0.0,106.6317
2025-01-28,10:11:17:382,93,-0.0023,11.712315275610052,1161.587783686857,3.6050000000000004,0.0,106.8323
2025-01-28,10:11:17:588,93,-0.0023,11.712315275610052,1161.587783686857,3.6050000000000004,0.0,107.0277
2025-01-28,10:11:17:788,93,-0.0023,11.712315275610052,1161.587783686857,3.6050000000000004,0.0,107.2344
2025-01-28,10:11:17:991,93,-0.0023,11.712315275610052,1161.587783686857,3.6050000000000004,0.0,107.4341
2025-01-28,10:11:18:196,93,-0.0023,14.956081275313126,1559.3321130272157,3.6050000000000004,0.0504,107.6332
2025-01-28,10:11:18:388,93,0.0197,14.956081275313126,1463.9067748591833,3.6050000000000004,0.0504,107.8329
2025-01-28,10:11:18:596,93,0.035,14.956081275313126,1463.9067748591833,3.6050000000000004,0.0504,108.0319
2025-01-28,10:11:18:791,93,0.0367,14.956081275313126,1463.9067748591833,3.6050000000000004,0.0504,108.2326
2025-01-28,10:11:18:987,93,0.037,14.956081275313126,1463.9067748591833,3.6050000000000004,0.0504,108.4344
2025-01-28,10:11:19:185,93,0.037,14.956081275313126,1463.9067748591833,3.6050000000000004,0.0504,108.6328
2025-01-28,10:11:19:381,93,0.037,14.956081275313126,1463.9067748591833,3.6050000000000004,0.0504,108.8335
2025-01-28,10:11:19:617,93,0.037,14.956081275313126,1463.9067748591833,3.6050000000000004,0.0504,109.0257
2025-01-28,10:11:19:778,93,0.0371,14.956081275313126,1463.9067748591833,3.6050000000000004,0.0504,109.232
2025-01-28,10:11:19:985,93,0.037,14.956081275313126,1463.9067748591833,3.6050000000000004,0.0504,109.4332
2025-01-28,10:11:20:177,93,0.0371,14.956081275313126,1463.9067748591833,3.6050000000000004,0.0504,109.6325
2025-01-28,10:11:20:403,93,0.0371,14.956081275313126,1463.9067748591833,3.6050000000000004,0.0504,109.8338
2025-01-28,10:11:20:586,93,0.0371,11.712315275610052,1161.587783686857,3.6050000000000004,0.0,110.0231
2025-01-28,10:11:20:782,93,0.0295,11.712315275610052,1161.587783686857,3.6050000000000004,0.0,110.2331
2025-01-28,10:11:20:984,93,0.0139,11.712315275610052,1161.587783686857,3.6050000000000004,0.0,110.4334
2025-01-28,10:11:21:188,93,0.005,11.712315275610052,1161.587783686857,3.6050000000000004,0.0,110.6331
2025-01-28,10:11:21:384,93,-0.0011,11.712315275610052,1161.587783686857,3.6050000000000004,0.0,110.834
2025-01-28,10:11:21:586,93,-0.0025,11.712315275610052,1161.587783686857,3.6050000000000004,0.0,111.0323
2025-01-28,10:11:21:793,93,-0.0024,11.712315275610052,1161.587783686857,3.6050000000000004,0.0,111.2336
2025-01-28,10:11:22:093,93,-0.0024,11.712315275610052,1161.587783686857,3.6050000000000004,0.0,111.4342
2025-01-28,10:11:22:240,93,-0.0025,11.712315275610052,1161.587783686857,3.6050000000000004,0.0,111.6331
2025-01-28,10:11:22:394,93,-0.0024,11.712315275610052,1161.587783686857,3.6050000000000004,0.0,111.834
2025-01-28,10:11:22:583,93,-0.0025,11.712315275610052,1161.587783686857,3.6050000000000004,0.0,112.0221
2025-01-28,10:11:22:808,93,-0.0024,11.712315275610052,1161.587783686857,3.6050000000000004,0.0,112.2334
2025-01-28,10:11:22:989,93,-0.0024,11.712315275610052,1161.587783686857,3.6050000000000004,0.0,112.4329
2025-01-28,10:11:23:183,93,-0.0024,14.956081275313126,1559.3321130272157,3.6050000000000004,0.0504,112.6332
2025-01-28,10:11:23:391,93,0.0218,14.956081275313126,1463.9067748591833,3.6050000000000004,0.0504,112.8319
2025-01-28,10:11:23:575,93,0.0354,14.956081275313126,1463.9067748591833,3.6050000000000004,0.0504,113.0256
2025-01-28,10:11:23:782,93,0.037,14.956081275313126,1463.9067748591833,3.6050000000000004,0.0504,113.2319
2025-01-28,10:11:23:989,93,0.037,14.956081275313126,1463.9067748591833,3.6050000000000004,0.0504,113.4337
2025-01-28,10:11:24:185,93,0.0371,14.956081275313126,1463.9067748591833,3.6050000000000004,0.0504,113.6335
2025-01-28,10:11:24:389,93,0.0371,14.956081275313126,1463.9067748591833,3.6050000000000004,0.0504,113.8339
2025-01-28,10:11:24:590,93,0.0371,14.956081275313126,1463.9067748591833,3.6050000000000004,0.0504,114.0322
2025-01-28,10:11:24:798,93,0.0371,14.956081275313126,1463.9067748591833,3.6050000000000004,0.0504,114.2332
2025-01-28,10:11:24:984,93,0.0371,14.956081275313126,1463.9067748591833,3.6050000000000004,0.0504,114.4336
2025-01-28,10:11:25:187,93,0.0371,14.956081275313126,1463.9067748591833,3.6050000000000004,0.0504,114.634
2025-01-28,10:11:25:393,93,0.0371,14.956081275313126,1463.9067748591833,3.6050000000000004,0.0504,114.8339
2025-01-28,10:11:25:582,93,0.0371,11.712315275610052,1161.587783686857,3.6050000000000004,0.0,115.033
2025-01-28,10:11:25:800,93,0.0276,11.712315275610052,1161.587783686857,3.6050000000000004,0.0,115.2326
2025-01-28,10:11:25:997,93,0.0129,11.712315275610052,1161.587783686857,3.6050000000000004,0.0,115.4328
2025-01-28,10:11:26:189,93,0.005,11.712315275610052,1161.587783686857,3.6050000000000004,0.0,115.6348
2025-01-28,10:11:26:388,93,-0.0012,11.712315275610052,1161.587783686857,3.6050000000000004,0.0,115.8332
2025-01-28,10:11:26:589,93,-0.0024,11.712315275610052,1161.587783686857,3.6050000000000004,0.0,116.0332
2025-01-28,10:11:26:772,93,-0.0024,11.712315275610052,1161.587783686857,3.6050000000000004,0.0,116.2245
2025-01-28,10:11:26:984,93,-0.0024,11.712315275610052,1161.587783686857,3.6050000000000004,0.0,116.433
2025-01-28,10:11:27:180,93,-0.0024,11.712315275610052,1161.587783686857,3.6050000000000004,0.0,116.632
2025-01-28,10:11:27:378,93,-0.0024,11.712315275610052,1161.587783686857,3.6050000000000004,0.0,116.8325
2025-01-28,10:11:27:608,93,-0.0024,11.712315275610052,1161.587783686857,3.6050000000000004,0.0,117.0321
2025-01-28,10:11:27:802,93,-0.0024,11.712315275610052,1161.587783686857,3.6050000000000004,0.0,117.2333
2025-01-28,10:11:28:008,93,-0.0024,11.712315275610052,1161.587783686857,3.6050000000000004,0.0,117.4338
2025-01-28,10:11:28:194,93,-0.0024,14.956081275313126,1559.3321130272157,3.6050000000000004,0.0504,117.6333
2025-01-28,10:11:28:387,93,0.0194,14.956081275313126,1463.9067748591833,3.6050000000000004,0.0504,117.8328
2025-01-28,10:11:28:596,93,0.0346,14.956081275313126,1463.9067748591833,3.6050000000000004,0.0504,118.0333
2025-01-28,10:11:28:782,93,0.0364,14.956081275313126,1463.9067748591833,3.6050000000000004,0.0504,118.233
