Date,Time,Test_ID,Laser experimental,Pressure,dac_bits,mass,Unity theoretical,time,slide_1,frecuencia,Force,Experimental_1
45684,,21.4,0.05464,13.753823265387847,1351.856328334147,4.741000000000001,0.0,0.0,0.0,0.25Hz,75.07921000000003,
45684,,21.4,0.04426,13.753823265387847,1351.856328334147,4.741000000000001,0.0,0.19928000000000168,0.0,0.25Hz,75.07921000000003,
45684,,21.4,0.027200000000000002,13.753823265387847,1351.856328334147,4.741000000000001,0.0,0.40044800000000436,0.0,0.25Hz,75.07921000000003,
45684,,21.4,0.00818,13.753823265387847,1351.856328334147,4.741000000000001,0.0,0.600878000000003,0.0,0.25Hz,75.07921000000003,
45684,,21.4,0.0023399999999999996,13.753823265387847,1351.856328334147,4.741000000000001,0.0,0.799682,0.0,0.25Hz,75.07921000000003,
45684,,21.4,0.003,13.753823265387847,1351.856328334147,4.741000000000001,0.0,1.001666000000006,0.0,0.25Hz,75.07921000000003,
45684,,21.4,0.003,13.753823265387847,1351.856328334147,4.741000000000001,0.0,1.2015420000000048,0.0,0.25Hz,75.07921000000003,
45684,,21.4,0.0030199999999999997,13.753823265387847,1351.856328334147,4.741000000000001,0.0,1.3988460000000003,0.0,0.25Hz,75.07921000000003,
45684,,21.4,0.0030399999999999997,13.753823265387847,1351.856328334147,4.741000000000001,0.0,1.5986480000000014,0.0,0.25Hz,75.07921000000003,
45684,,21.4,0.003,14.564764765313615,1447.4909765873344,4.741000000000001,0.0126,1.8004720000000063,0.0126,0.25Hz,79.50596800000002,
45684,,21.4,0.00678,17.80853076501668,1809.9746691399782,4.741000000000001,0.063,1.999280000000003,0.063,0.25Hz,97.21299999999998,
45684,,21.4,0.029820000000000003,17.80853076501668,1729.7550672995553,4.741000000000001,0.063,2.1985100000000046,0.063,0.25Hz,97.21299999999998,
45684,,21.4,0.05242,17.80853076501668,1729.7550672995553,4.741000000000001,0.063,2.3983580000000044,0.063,0.25Hz,97.21299999999998,
45684,,21.4,0.053739999999999996,17.80853076501668,1729.7550672995553,4.741000000000001,0.063,2.598410000000001,0.063,0.25Hz,97.21299999999998,
45684,,21.4,0.05378000000000001,17.80853076501668,1729.7550672995553,4.741000000000001,0.063,2.7992300000000014,0.063,0.25Hz,97.21299999999998,
45684,,21.4,0.053759999999999995,17.80853076501668,1729.7550672995553,4.741000000000001,0.063,3.0011740000000033,0.063,0.25Hz,97.21299999999998,
45684,,21.4,0.053759999999999995,17.80853076501668,1729.7550672995553,4.741000000000001,0.063,3.199332000000001,0.063,0.25Hz,97.21299999999998,
45684,,21.4,0.053779999999999994,17.80853076501668,1729.7550672995553,4.741000000000001,0.063,3.3992760000000017,0.063,0.25Hz,97.21299999999998,
45684,,21.4,0.053739999999999996,17.80853076501668,1729.7550672995553,4.741000000000001,0.063,3.5990200000000003,0.063,0.25Hz,97.21299999999998,
45684,,21.4,0.053759999999999995,16.997589265090916,1654.1753195064734,4.741000000000001,0.0504,3.799970000000003,0.0504,0.25Hz,92.786242,
45684,,21.4,0.052039999999999996,13.753823265387847,1351.856328334147,4.741000000000001,0.0,3.9990140000000025,0.0,0.25Hz,75.07921000000003,
45684,,21.4,0.040639999999999996,13.753823265387847,1351.856328334147,4.741000000000001,0.0,4.198790000000005,0.0,0.25Hz,75.07921000000003,
45684,,21.4,0.02216,13.753823265387847,1351.856328334147,4.741000000000001,0.0,4.398948000000002,0.0,0.25Hz,75.07921000000003,
45684,,21.4,0.00722,13.753823265387847,1351.856328334147,4.741000000000001,0.0,4.598546000000002,0.0,0.25Hz,75.07921000000003,
45684,,21.4,0.00258,13.753823265387847,1351.856328334147,4.741000000000001,0.0,4.800172000000003,0.0,0.25Hz,75.07921000000003,
45684,,21.4,0.003,13.753823265387847,1351.856328334147,4.741000000000001,0.0,4.997176000000003,0.0,0.25Hz,75.07921000000003,
45684,,21.4,0.0030199999999999997,13.753823265387847,1351.856328334147,4.741000000000001,0.0,5.199780000000004,0.0,0.25Hz,75.07921000000003,
45684,,21.4,0.003,13.753823265387847,1351.856328334147,4.741000000000001,0.0,5.399174000000009,0.0,0.25Hz,75.07921000000003,
45684,,21.4,0.0030200000000000005,13.753823265387847,1351.856328334147,4.741000000000001,0.0,5.600448000000007,0.0,0.25Hz,75.07921000000003,
45684,,21.4,0.0030199999999999997,14.564764765313615,1447.4909765873344,4.741000000000001,0.0126,5.7987020000000085,0.0126,0.25Hz,79.50596800000002,
45684,,21.4,0.006920000000000001,17.80853076501668,1809.9746691399782,4.741000000000001,0.063,6.001158000000004,0.063,0.25Hz,97.21299999999998,
45684,,21.4,0.030699999999999998,17.80853076501668,1729.7550672995553,4.741000000000001,0.063,6.199958000000008,0.063,0.25Hz,97.21299999999998,
45684,,21.4,0.05244,17.80853076501668,1729.7550672995553,4.741000000000001,0.063,6.3978380000000055,0.063,0.25Hz,97.21299999999998,
45684,,21.4,0.053739999999999996,17.80853076501668,1729.7550672995553,4.741000000000001,0.063,6.600378000000004,0.063,0.25Hz,97.21299999999998,
45684,,21.4,0.053739999999999996,17.80853076501668,1729.7550672995553,4.741000000000001,0.063,6.797750000000005,0.063,0.25Hz,97.21299999999998,
45684,,21.4,0.05376000000000001,17.80853076501668,1729.7550672995553,4.741000000000001,0.063,6.9985400000000055,0.063,0.25Hz,97.21299999999998,
45684,,21.4,0.053739999999999996,17.80853076501668,1729.7550672995553,4.741000000000001,0.063,7.199114000000006,0.063,0.25Hz,97.21299999999998,
45684,,21.4,0.053739999999999996,17.80853076501668,1729.7550672995553,4.741000000000001,0.063,7.398402000000003,0.063,0.25Hz,97.21299999999998,
45684,,21.4,0.053739999999999996,17.80853076501668,1729.7550672995553,4.741000000000001,0.063,7.598838000000003,0.063,0.25Hz,97.21299999999998,
45684,,21.4,0.053739999999999996,16.997589265090916,1654.1753195064734,4.741000000000001,0.0504,7.797742000000001,0.0504,0.25Hz,92.786242,
45684,,21.4,0.0521,13.753823265387847,1351.856328334147,4.741000000000001,0.0,7.997608000000004,0.0,0.25Hz,75.07921000000003,
45684,,21.6,0.04082,13.753823265387847,1351.856328334147,4.741000000000001,0.0,8.198736000000004,0.0,0.25Hz,75.07921000000003,
45684,,21.6,0.022880000000000005,13.753823265387847,1351.856328334147,4.741000000000001,0.0,8.400232,0.0,0.25Hz,75.07921000000003,
45684,,21.6,0.006320000000000001,13.753823265387847,1351.856328334147,4.741000000000001,0.0,8.601638000000001,0.0,0.25Hz,75.07921000000003,
45684,,21.6,0.0026799999999999997,13.753823265387847,1351.856328334147,4.741000000000001,0.0,8.800874000000006,0.0,0.25Hz,75.07921000000003,
45684,,21.6,0.0030200000000000005,13.753823265387847,1351.856328334147,4.741000000000001,0.0,9.000030000000002,0.0,0.25Hz,75.07921000000003,
45684,,21.6,0.003,13.753823265387847,1351.856328334147,4.741000000000001,0.0,9.198050000000004,0.0,0.25Hz,75.07921000000003,
45684,,21.6,0.003,13.753823265387847,1351.856328334147,4.741000000000001,0.0,9.397536000000002,0.0,0.25Hz,75.07921000000003,
45684,,21.6,0.0030199999999999997,13.753823265387847,1351.856328334147,4.741000000000001,0.0,9.599072000000003,0.0,0.25Hz,75.07921000000003,
45684,,21.6,0.003,14.564764765313615,1447.4909765873344,4.741000000000001,0.0126,9.799290000000008,0.0126,0.25Hz,79.50596800000002,
45684,,21.6,0.007240000000000001,17.80853076501668,1809.9746691399782,4.741000000000001,0.063,10.000214000000005,0.063,0.25Hz,97.21299999999998,
45684,,21.6,0.03158,17.80853076501668,1729.7550672995553,4.741000000000001,0.063,10.199088000000007,0.063,0.25Hz,97.21299999999998,
45684,,21.6,0.05332,17.80853076501668,1729.7550672995553,4.741000000000001,0.063,10.398612000000004,0.063,0.25Hz,97.21299999999998,
45684,,21.6,0.05394,17.80853076501668,1729.7550672995553,4.741000000000001,0.063,10.598276000000002,0.063,0.25Hz,97.21299999999998,
45684,,21.6,0.05392,17.80853076501668,1729.7550672995553,4.741000000000001,0.063,10.799828000000007,0.063,0.25Hz,97.21299999999998,
45684,,21.6,0.05394,17.80853076501668,1729.7550672995553,4.741000000000001,0.063,10.999336000000001,0.063,0.25Hz,97.21299999999998,
45684,,21.6,0.05392,17.80853076501668,1729.7550672995553,4.741000000000001,0.063,11.199146000000002,0.063,0.25Hz,97.21299999999998,
45684,,21.6,0.0539,17.80853076501668,1729.7550672995553,4.741000000000001,0.063,11.398984000000008,0.063,0.25Hz,97.21299999999998,
45684,,21.6,0.05394,17.80853076501668,1729.7550672995553,4.741000000000001,0.063,11.598063999999999,0.063,0.25Hz,97.21299999999998,
45684,,21.6,0.05394,16.997589265090916,1654.1753195064734,4.741000000000001,0.0504,11.798544000000003,0.0504,0.25Hz,92.786242,
45684,,21.6,0.051539999999999996,13.753823265387847,1351.856328334147,4.741000000000001,0.0,11.999476000000001,0.0,0.25Hz,75.07921000000003,
45684,,21.6,0.04014,13.753823265387847,1351.856328334147,4.741000000000001,0.0,12.198614000000003,0.0,0.25Hz,75.07921000000003,
45684,,21.6,0.022539999999999998,13.753823265387847,1351.856328334147,4.741000000000001,0.0,12.398138000000001,0.0,0.25Hz,75.07921000000003,
45684,,21.6,0.00712,13.753823265387847,1351.856328334147,4.741000000000001,0.0,12.598872000000004,0.0,0.25Hz,75.07921000000003,
45684,,21.6,0.0026799999999999997,13.753823265387847,1351.856328334147,4.741000000000001,0.0,12.800516000000005,0.0,0.25Hz,75.07921000000003,
45684,,21.6,0.003,13.753823265387847,1351.856328334147,4.741000000000001,0.0,13.000142000000006,0.0,0.25Hz,75.07921000000003,
45684,,21.6,0.003,13.753823265387847,1351.856328334147,4.741000000000001,0.0,13.199166000000002,0.0,0.25Hz,75.07921000000003,
45684,,21.6,0.003,13.753823265387847,1351.856328334147,4.741000000000001,0.0,13.397170000000006,0.0,0.25Hz,75.07921000000003,
45684,,21.6,0.003,13.753823265387847,1351.856328334147,4.741000000000001,0.0,13.599608000000007,0.0,0.25Hz,75.07921000000003,
45684,,21.6,0.003,14.564764765313615,1447.4909765873344,4.741000000000001,0.0126,13.799414000000008,0.0126,0.25Hz,79.50596800000002,
45684,,21.6,0.00756,17.80853076501668,1809.9746691399782,4.741000000000001,0.063,14.000140000000005,0.063,0.25Hz,97.21299999999998,
45684,,21.6,0.028820000000000002,17.80853076501668,1729.7550672995553,4.741000000000001,0.063,14.197826000000003,0.063,0.25Hz,97.21299999999998,
45684,,21.6,0.05158,17.80853076501668,1729.7550672995553,4.741000000000001,0.063,14.398524000000004,0.063,0.25Hz,97.21299999999998,
45684,,21.6,0.05332,17.80853076501668,1729.7550672995553,4.741000000000001,0.063,14.598152000000004,0.063,0.25Hz,97.21299999999998,
45684,,21.6,0.053279999999999994,17.80853076501668,1729.7550672995553,4.741000000000001,0.063,14.798234000000003,0.063,0.25Hz,97.21299999999998,
45684,,21.6,0.05329999999999999,17.80853076501668,1729.7550672995553,4.741000000000001,0.063,14.998252000000003,0.063,0.25Hz,97.21299999999998,
45684,,21.6,0.053279999999999994,17.80853076501668,1729.7550672995553,4.741000000000001,0.063,15.200768,0.063,0.25Hz,97.21299999999998,
45684,,21.6,0.0533,17.80853076501668,1729.7550672995553,4.741000000000001,0.063,15.399136000000004,0.063,0.25Hz,97.21299999999998,
45684,,21.6,0.0533,17.80853076501668,1729.7550672995553,4.741000000000001,0.063,15.599780000000004,0.063,0.25Hz,97.21299999999998,
45684,,21.6,0.0533,16.997589265090916,1654.1753195064734,4.741000000000001,0.0504,15.800426000000005,0.0504,0.25Hz,92.786242,
45684,,21.6,0.05158,13.753823265387847,1351.856328334147,4.741000000000001,0.0,15.999152000000004,0.0,0.25Hz,75.07921000000003,
45684,,21.6,0.04008,13.753823265387847,1351.856328334147,4.741000000000001,0.0,16.199372000000004,0.0,0.25Hz,75.07921000000003,
45684,,21.6,0.021340000000000005,13.753823265387847,1351.856328334147,4.741000000000001,0.0,16.398298,0.0,0.25Hz,75.07921000000003,
45684,,21.6,0.00612,13.753823265387847,1351.856328334147,4.741000000000001,0.0,16.598220000000005,0.0,0.25Hz,75.07921000000003,
45684,,21.6,0.00272,14.564764765313615,1447.4909765873344,4.741000000000001,0.0,16.801122499999998,0.0,0.25Hz,79.50596800000002,
45684,,21.6,0.0070599999999999994,14.564764765313615,1427.4360761272287,4.741000000000001,0.0,16.999717500000003,0.0,0.25Hz,79.50596800000002,
45684,,21.6,0.01268,14.564764765313615,1427.4360761272287,4.741000000000001,0.0,17.199855000000003,0.0,0.25Hz,79.50596800000002,
45684,,21.6,0.0128,14.564764765313615,1427.4360761272287,4.741000000000001,0.0,17.400697500000003,0.0,0.25Hz,79.50596800000002,
45684,,21.6,0.0128,14.564764765313615,1427.4360761272287,4.741000000000001,0.0,17.6006875,0.0,0.25Hz,79.50596800000002,
45684,,21.6,0.01278,15.375706265239382,1523.0707243804159,4.741000000000001,0.01575,17.797855000000006,0.01575,0.25Hz,83.93272600000002,
45684,,21.6,0.01734,17.80853076501668,1789.9197686798725,4.741000000000001,0.063,17.999182500000003,0.063,0.25Hz,97.21299999999998,
45684,,21.6,0.036919999999999994,17.80853076501668,1729.7550672995553,4.741000000000001,0.063,18.198032499999997,0.063,0.25Hz,97.21299999999998,
45684,,21.6,0.05288,17.80853076501668,1729.7550672995553,4.741000000000001,0.063,18.3991,0.063,0.25Hz,97.21299999999998,
45684,,21.6,0.05358,17.80853076501668,1729.7550672995553,4.741000000000001,0.063,18.598772500000003,0.063,0.25Hz,97.21299999999998,
45684,,21.6,0.0536,17.80853076501668,1729.7550672995553,4.741000000000001,0.063,18.800027500000002,0.063,0.25Hz,97.21299999999998,
45684,,21.6,0.05356000000000001,17.80853076501668,1729.7550672995553,4.741000000000001,0.063,18.998447500000005,0.063,0.25Hz,97.21299999999998,
45684,,21.6,0.0536,17.80853076501668,1729.7550672995553,4.741000000000001,0.063,19.198715,0.063,0.25Hz,97.21299999999998,
45684,,21.6,0.0536,17.80853076501668,1729.7550672995553,4.741000000000001,0.063,19.3980625,0.063,0.25Hz,97.21299999999998,
45684,,21.6,0.05358,17.80853076501668,1729.7550672995553,4.741000000000001,0.063,19.598982500000005,0.063,0.25Hz,97.21299999999998,
45684,,21.6,0.0536,16.997589265090916,1654.1753195064734,4.741000000000001,0.04725,19.800687500000002,0.04725,0.25Hz,92.786242,
45684,,21.6,0.052180000000000004,13.753823265387847,1351.856328334147,4.741000000000001,0.0,19.999677500000004,0.0,0.25Hz,75.07921000000003,
45684,,23.4,0.052259999999999994,13.753823265387847,1351.856328334147,4.741000000000001,0.0,0.0,0.0,0.125Hz,75.07921000000003,0.052259999999999994
45684,,23.4,0.043800000000000006,13.753823265387847,1351.856328334147,4.741000000000001,0.0,0.20001999999999498,0.0,0.125Hz,75.07921000000003,0.043800000000000006
45684,,23.4,0.025019999999999997,13.753823265387847,1351.856328334147,4.741000000000001,0.0,0.4001999999999839,0.0,0.125Hz,75.07921000000003,0.025019999999999997
45684,,23.4,0.006520000000000001,13.753823265387847,1351.856328334147,4.741000000000001,0.0,0.6007999999999981,0.0,0.125Hz,75.07921000000003,0.006520000000000001
45684,,23.4,0.003,13.753823265387847,1351.856328334147,4.741000000000001,0.0,0.7995399999999847,0.0,0.125Hz,75.07921000000003,0.003
45684,,23.4,0.003,13.753823265387847,1351.856328334147,4.741000000000001,0.0,0.9988399999999956,0.0,0.125Hz,75.07921000000003,0.003
45684,,23.4,0.003,13.753823265387847,1351.856328334147,4.741000000000001,0.0,1.198759999999993,0.0,0.125Hz,75.07921000000003,0.003
45684,,23.4,0.0030199999999999997,13.753823265387847,1351.856328334147,4.741000000000001,0.0,1.4001799999999947,0.0,0.125Hz,75.07921000000003,0.0030199999999999997
45684,,23.4,0.003,13.753823265387847,1351.856328334147,4.741000000000001,0.0,1.6007999999999867,0.0,0.125Hz,75.07921000000003,0.003
45684,,23.4,0.003,13.753823265387847,1351.856328334147,4.741000000000001,0.0,1.800079999999997,0.0,0.125Hz,75.07921000000003,0.003
45684,,23.4,0.003,13.753823265387847,1351.856328334147,4.741000000000001,0.0,1.9994999999999892,0.0,0.125Hz,75.07921000000003,0.003
45684,,23.4,0.003,13.753823265387847,1351.856328334147,4.741000000000001,0.0,2.1999399999999922,0.0,0.125Hz,75.07921000000003,0.003
45684,,23.4,0.003,13.753823265387847,1351.856328334147,4.741000000000001,0.0,2.400099999999992,0.0,0.125Hz,75.07921000000003,0.003
45684,,23.4,0.003,13.753823265387847,1351.856328334147,4.741000000000001,0.0,2.599839999999989,0.0,0.125Hz,75.07921000000003,0.003
45684,,23.4,0.003,13.753823265387847,1351.856328334147,4.741000000000001,0.0,2.798719999999986,0.0,0.125Hz,75.07921000000003,0.003
45684,,23.4,0.003,13.753823265387847,1351.856328334147,4.741000000000001,0.0,2.9992199999999967,0.0,0.125Hz,75.07921000000003,0.003
45684,,23.4,0.003,13.753823265387847,1351.856328334147,4.741000000000001,0.0,3.199559999999991,0.0,0.125Hz,75.07921000000003,0.003
45684,,23.4,0.003,13.753823265387847,1351.856328334147,4.741000000000001,0.0,3.40003999999999,0.0,0.125Hz,75.07921000000003,0.003
45684,,23.4,0.003,13.753823265387847,1351.856328334147,4.741000000000001,0.0,3.599699999999996,0.0,0.125Hz,75.07921000000003,0.003
45684,,23.4,0.003,15.375706265239382,1543.125624840522,4.741000000000001,0.0252,3.8036999999999863,0.0252,0.125Hz,83.93272600000002,0.003
45684,,23.4,0.01056,16.997589265090916,1694.2851204266851,4.741000000000001,0.0504,3.999659999999994,0.0504,0.125Hz,92.786242,0.01056
45684,,23.6,0.029199999999999997,17.80853076501668,1749.8099677596608,4.741000000000001,0.063,4.199159999999989,0.063,0.125Hz,97.21299999999998,0.029199999999999997
45684,,23.6,0.04564,17.80853076501668,1729.7550672995553,4.741000000000001,0.063,4.400079999999986,0.063,0.125Hz,97.21299999999998,0.04564
45684,,23.6,0.05142,17.80853076501668,1729.7550672995553,4.741000000000001,0.063,4.600220000000002,0.063,0.125Hz,97.21299999999998,0.05142
45684,,23.6,0.05158,17.80853076501668,1729.7550672995553,4.741000000000001,0.063,4.801259999999985,0.063,0.125Hz,97.21299999999998,0.05158
45684,,23.6,0.0516,17.80853076501668,1729.7550672995553,4.741000000000001,0.063,5.001099999999985,0.063,0.125Hz,97.21299999999998,0.0516
45684,,23.6,0.05158,17.80853076501668,1729.7550672995553,4.741000000000001,0.063,5.201979999999997,0.063,0.125Hz,97.21299999999998,0.05158
45684,,23.6,0.05162,17.80853076501668,1729.7550672995553,4.741000000000001,0.063,5.400339999999988,0.063,0.125Hz,97.21299999999998,0.05162
45684,,23.6,0.0516,17.80853076501668,1729.7550672995553,4.741000000000001,0.063,5.5987999999999944,0.063,0.125Hz,97.21299999999998,0.0516
45684,,23.6,0.0516,17.80853076501668,1729.7550672995553,4.741000000000001,0.063,5.800719999999996,0.063,0.125Hz,97.21299999999998,0.0516
45684,,23.6,0.0516,17.80853076501668,1729.7550672995553,4.741000000000001,0.063,6.0007,0.063,0.125Hz,97.21299999999998,0.0516
45684,,23.6,0.0516,17.80853076501668,1729.7550672995553,4.741000000000001,0.063,6.1994200000000035,0.063,0.125Hz,97.21299999999998,0.0516
45684,,23.6,0.05158,17.80853076501668,1729.7550672995553,4.741000000000001,0.063,6.399199999999991,0.063,0.125Hz,97.21299999999998,0.05158
45684,,23.6,0.0516,17.80853076501668,1729.7550672995553,4.741000000000001,0.063,6.600219999999996,0.063,0.125Hz,97.21299999999998,0.0516
45684,,23.6,0.05158,17.80853076501668,1729.7550672995553,4.741000000000001,0.063,6.799399999999986,0.063,0.125Hz,97.21299999999998,0.05158
45684,,23.6,0.05158,17.80853076501668,1729.7550672995553,4.741000000000001,0.063,7.080679999999989,0.063,0.125Hz,97.21299999999998,0.05158
45684,,23.6,0.05156000000000001,17.80853076501668,1729.7550672995553,4.741000000000001,0.063,7.281219999999996,0.063,0.125Hz,97.21299999999998,0.05156000000000001
45684,,23.6,0.05158,17.80853076501668,1729.7550672995553,4.741000000000001,0.063,7.479119999999995,0.063,0.125Hz,97.21299999999998,0.05158
45684,,23.6,0.0516,16.997589265090916,1654.1753195064734,4.741000000000001,0.0504,7.679659999999984,0.0504,0.125Hz,92.786242,0.0516
45684,,23.6,0.05036,16.186647765165148,1578.5955717133918,4.741000000000001,0.0378,7.8803799999999855,0.0378,0.125Hz,88.35948400000001,0.05036
45684,,23.6,0.04496,14.564764765313615,1427.4360761272287,4.741000000000001,0.0126,8.079719999999991,0.0126,0.125Hz,79.50596800000002,0.04496
45684,,23.6,0.03382,13.753823265387847,1351.856328334147,4.741000000000001,0.0,8.280599999999998,0.0,0.125Hz,75.07921000000003,0.03382
45684,,23.6,0.020080000000000004,13.753823265387847,1351.856328334147,4.741000000000001,0.0,8.479119999999995,0.0,0.125Hz,75.07921000000003,0.020080000000000004
45684,,23.6,0.0097,13.753823265387847,1351.856328334147,4.741000000000001,0.0,8.678999999999997,0.0,0.125Hz,75.07921000000003,0.0097
45684,,23.6,0.0032799999999999995,13.753823265387847,1351.856328334147,4.741000000000001,0.0,8.879199999999992,0.0,0.125Hz,75.07921000000003,0.0032799999999999995
45684,,23.6,0.00298,13.753823265387847,1351.856328334147,4.741000000000001,0.0,9.081039999999984,0.0,0.125Hz,75.07921000000003,0.00298
45684,,23.6,0.00298,13.753823265387847,1351.856328334147,4.741000000000001,0.0,9.27979999999999,0.0,0.125Hz,75.07921000000003,0.00298
45684,,23.6,0.00296,13.753823265387847,1351.856328334147,4.741000000000001,0.0,9.478379999999998,0.0,0.125Hz,75.07921000000003,0.00296
45684,,23.6,0.00298,13.753823265387847,1351.856328334147,4.741000000000001,0.0,9.679039999999986,0.0,0.125Hz,75.07921000000003,0.00298
45684,,23.6,0.0030199999999999997,13.753823265387847,1351.856328334147,4.741000000000001,0.0,9.881119999999987,0.0,0.125Hz,75.07921000000003,0.0030199999999999997
45684,,23.6,0.00298,13.753823265387847,1351.856328334147,4.741000000000001,0.0,10.07929999999999,0.0,0.125Hz,75.07921000000003,0.00298
45684,,23.6,0.003,13.753823265387847,1351.856328334147,4.741000000000001,0.0,10.279559999999993,0.0,0.125Hz,75.07921000000003,0.003
45684,,23.6,0.003,13.753823265387847,1351.856328334147,4.741000000000001,0.0,10.479679999999997,0.0,0.125Hz,75.07921000000003,0.003
45684,,23.6,0.00298,13.753823265387847,1351.856328334147,4.741000000000001,0.0,10.679899999999998,0.0,0.125Hz,75.07921000000003,0.00298
45684,,23.6,0.0030199999999999997,13.753823265387847,1351.856328334147,4.741000000000001,0.0,10.882139999999993,0.0,0.125Hz,75.07921000000003,0.0030199999999999997
45684,,23.6,0.003,13.753823265387847,1351.856328334147,4.741000000000001,0.0,11.078499999999986,0.0,0.125Hz,75.07921000000003,0.003
45684,,23.6,0.00298,13.753823265387847,1351.856328334147,4.741000000000001,0.0,11.281359999999996,0.0,0.125Hz,75.07921000000003,0.00298
45684,,23.6,0.003,14.564764765313615,1447.4909765873344,4.741000000000001,0.0126,11.480939999999993,0.0126,0.125Hz,79.50596800000002,0.003
45684,,23.6,0.009080000000000001,14.564764765313615,1427.4360761272287,4.741000000000001,0.0126,11.678999999999997,0.0126,0.125Hz,79.50596800000002,0.009080000000000001
45684,,23.6,0.012939999999999998,15.375706265239382,1523.070724380416,4.741000000000001,0.0252,11.879819999999995,0.0252,0.125Hz,83.93272600000002,0.012939999999999998
45684,,23.6,0.017359999999999997,17.80853076501668,1789.9197686798725,4.741000000000001,0.063,12.081059999999997,0.063,0.125Hz,97.21299999999998,0.017359999999999997
45684,,23.6,0.03526,17.80853076501668,1729.7550672995553,4.741000000000001,0.063,12.279219999999986,0.063,0.125Hz,97.21299999999998,0.03526
45684,,23.6,0.051759999999999994,17.80853076501668,1729.7550672995553,4.741000000000001,0.063,12.480259999999992,0.063,0.125Hz,97.21299999999998,0.051759999999999994
45684,,23.6,0.05212,17.80853076501668,1729.7550672995553,4.741000000000001,0.063,12.68015999999999,0.063,0.125Hz,97.21299999999998,0.05212
45684,,23.6,0.0521,17.80853076501668,1729.7550672995553,4.741000000000001,0.063,12.880899999999992,0.063,0.125Hz,97.21299999999998,0.0521
45684,,23.6,0.0521,17.80853076501668,1729.7550672995553,4.741000000000001,0.063,13.079939999999993,0.063,0.125Hz,97.21299999999998,0.0521
45684,,23.6,0.05212,17.80853076501668,1729.7550672995553,4.741000000000001,0.063,13.280119999999988,0.063,0.125Hz,97.21299999999998,0.05212
45684,,23.6,0.05212,17.80853076501668,1729.7550672995553,4.741000000000001,0.063,13.47859999999999,0.063,0.125Hz,97.21299999999998,0.05212
45684,,23.6,0.05212,17.80853076501668,1729.7550672995553,4.741000000000001,0.063,13.678839999999997,0.063,0.125Hz,97.21299999999998,0.05212
45684,,23.6,0.0521,17.80853076501668,1729.7550672995553,4.741000000000001,0.063,13.879879999999991,0.063,0.125Hz,97.21299999999998,0.0521
45684,,23.6,0.05212,17.80853076501668,1729.7550672995553,4.741000000000001,0.063,14.079239999999988,0.063,0.125Hz,97.21299999999998,0.05212
45684,,23.6,0.05214,17.80853076501668,1729.7550672995553,4.741000000000001,0.063,14.279539999999987,0.063,0.125Hz,97.21299999999998,0.05214
45684,,23.6,0.05212,17.80853076501668,1729.7550672995553,4.741000000000001,0.063,14.479259999999993,0.063,0.125Hz,97.21299999999998,0.05212
45684,,23.6,0.05214,17.80853076501668,1729.7550672995553,4.741000000000001,0.063,14.679899999999986,0.063,0.125Hz,97.21299999999998,0.05214
45684,,23.6,0.05212,17.80853076501668,1729.7550672995553,4.741000000000001,0.063,14.95965999999999,0.063,0.125Hz,97.21299999999998,0.05212
45684,,23.6,0.05212,17.80853076501668,1729.7550672995553,4.741000000000001,0.063,15.160679999999996,0.063,0.125Hz,97.21299999999998,0.05212
45684,,23.6,0.0521,17.80853076501668,1729.7550672995553,4.741000000000001,0.063,15.359419999999995,0.063,0.125Hz,97.21299999999998,0.0521
45684,,23.6,0.05214,16.997589265090916,1654.1753195064734,4.741000000000001,0.0504,15.559719999999993,0.0504,0.125Hz,92.786242,0.05214
45684,,23.8,0.050519999999999995,16.186647765165148,1578.595571713392,4.741000000000001,0.0378,15.760879999999986,0.0378,0.125Hz,88.35948400000001,0.050519999999999995
45684,,23.8,0.04556,16.186647765165148,1578.595571713392,4.741000000000001,0.0378,15.959619999999996,0.0378,0.125Hz,88.35948400000001,0.04556
45684,,23.8,0.037700000000000004,13.753823265387847,1351.856328334147,4.741000000000001,0.0,16.160379999999996,0.0,0.125Hz,75.07921000000003,0.037700000000000004
45684,,23.8,0.028659999999999998,13.753823265387847,1351.856328334147,4.741000000000001,0.0,16.36063999999999,0.0,0.125Hz,75.07921000000003,0.028659999999999998
45684,,23.8,0.01588,13.753823265387847,1351.856328334147,4.741000000000001,0.0,16.561059999999998,0.0,0.125Hz,75.07921000000003,0.01588
45684,,23.8,0.00518,13.753823265387847,1351.856328334147,4.741000000000001,0.0,16.76028,0.0,0.125Hz,75.07921000000003,0.00518
45684,,23.8,0.003,13.753823265387847,1351.856328334147,4.741000000000001,0.0,16.959179999999993,0.0,0.125Hz,75.07921000000003,0.003
45684,,23.8,0.003,13.753823265387847,1351.856328334147,4.741000000000001,0.0,17.160259999999994,0.0,0.125Hz,75.07921000000003,0.003
45684,,23.8,0.00298,13.753823265387847,1351.856328334147,4.741000000000001,0.0,17.36038,0.0,0.125Hz,75.07921000000003,0.00298
45684,,23.8,0.003,13.753823265387847,1351.856328334147,4.741000000000001,0.0,17.55957999999999,0.0,0.125Hz,75.07921000000003,0.003
45684,,23.8,0.00296,13.753823265387847,1351.856328334147,4.741000000000001,0.0,17.761039999999998,0.0,0.125Hz,75.07921000000003,0.00296
45684,,23.8,0.00298,13.753823265387847,1351.856328334147,4.741000000000001,0.0,17.96017999999999,0.0,0.125Hz,75.07921000000003,0.00298
45684,,23.8,0.00298,13.753823265387847,1351.856328334147,4.741000000000001,0.0,18.160219999999992,0.0,0.125Hz,75.07921000000003,0.00298
45684,,23.8,0.00296,13.753823265387847,1351.856328334147,4.741000000000001,0.0,18.43988,0.0,0.125Hz,75.07921000000003,0.00296
45684,,23.8,0.00298,13.753823265387847,1351.856328334147,4.741000000000001,0.0,18.638159999999992,0.0,0.125Hz,75.07921000000003,0.00298
45684,,23.8,0.00298,13.753823265387847,1351.856328334147,4.741000000000001,0.0,18.840159999999997,0.0,0.125Hz,75.07921000000003,0.00298
45684,,23.8,0.003,13.753823265387847,1351.856328334147,4.741000000000001,0.0,19.038259999999998,0.0,0.125Hz,75.07921000000003,0.003
45684,,23.8,0.003,13.753823265387847,1351.856328334147,4.741000000000001,0.0,19.23995999999999,0.0,0.125Hz,75.07921000000003,0.003
45684,,23.8,0.00296,13.753823265387847,1351.856328334147,4.741000000000001,0.0,19.44035999999999,0.0,0.125Hz,75.07921000000003,0.00296
45684,,23.8,0.00298,14.564764765313615,1447.4909765873344,4.741000000000001,0.0126,19.64149999999999,0.0126,0.125Hz,79.50596800000002,0.00298
45684,,23.8,0.0071400000000000005,15.375706265239382,1523.070724380416,4.741000000000001,0.0252,19.83966,0.0252,0.125Hz,83.93272600000002,0.0071400000000000005
45684,,23.5,0.009,15.781177015202264,1565.8743233919834,4.741000000000001,0.0315,20.000225,0.0315,0.125Hz,86.146105,0.009
45684,,23.5,0.00295,17.80853076501668,1830.029569600084,4.741000000000001,0.063,19.999300000000005,0.063,0.125Hz,97.21299999999998,0.00295
45684,,23.5,0.0271,17.80853076501668,1729.755067299555,4.741000000000001,0.063,20.19770000000001,0.063,0.125Hz,97.21299999999998,0.0271
45684,,25.75,0.050774999999999994,13.75382326538785,1351.856328334147,4.741000000000001,0.0,0.0,0.0,0.05Hz,75.07921000000005,0.050774999999999994
45684,,25.75,0.043774999999999994,13.75382326538785,1351.856328334147,4.741000000000001,0.0,0.19700000000000273,0.0,0.05Hz,75.07921000000005,0.043774999999999994
45684,,25.75,0.0243,13.75382326538785,1351.856328334147,4.741000000000001,0.0,0.3983249999999998,0.0,0.05Hz,75.07921000000005,0.0243
45684,,25.75,0.0057,13.75382326538785,1351.856328334147,4.741000000000001,0.0,0.5980749999999944,0.0,0.05Hz,75.07921000000005,0.0057
45684,,25.75,0.003,13.75382326538785,1351.856328334147,4.741000000000001,0.0,0.7987499999999841,0.0,0.05Hz,75.07921000000005,0.003
45684,,25.75,0.003,13.75382326538785,1351.856328334147,4.741000000000001,0.0,0.9989749999999873,0.0,0.05Hz,75.07921000000005,0.003
45684,,25.75,0.003,13.75382326538785,1351.856328334147,4.741000000000001,0.0,1.1985999999999848,0.0,0.05Hz,75.07921000000005,0.003
45684,,25.75,0.003,13.75382326538785,1351.856328334147,4.741000000000001,0.0,1.3995749999999987,0.0,0.05Hz,75.07921000000005,0.003
45684,,25.75,0.003,13.75382326538785,1351.856328334147,4.741000000000001,0.0,1.5974999999999824,0.0,0.05Hz,75.07921000000005,0.003
45684,,25.75,0.003,13.75382326538785,1351.856328334147,4.741000000000001,0.0,1.7976999999999919,0.0,0.05Hz,75.07921000000005,0.003
45684,,25.75,0.003,13.75382326538785,1351.856328334147,4.741000000000001,0.0,2.001224999999991,0.0,0.05Hz,75.07921000000005,0.003
45684,,25.75,0.003,13.75382326538785,1351.856328334147,4.741000000000001,0.0,2.199549999999988,0.0,0.05Hz,75.07921000000005,0.003
45684,,25.75,0.003,13.75382326538785,1351.856328334147,4.741000000000001,0.0,2.398549999999986,0.0,0.05Hz,75.07921000000005,0.003
45684,,25.75,0.003,13.75382326538785,1351.856328334147,4.741000000000001,0.0,2.597699999999989,0.0,0.05Hz,75.07921000000005,0.003
45684,,25.75,0.003,13.75382326538785,1351.856328334147,4.741000000000001,0.0,2.8003249999999866,0.0,0.05Hz,75.07921000000005,0.003
45684,,25.75,0.003,13.75382326538785,1351.856328334147,4.741000000000001,0.0,2.9964749999999896,0.0,0.05Hz,75.07921000000005,0.003
45684,,25.75,0.003,13.75382326538785,1351.856328334147,4.741000000000001,0.0,3.1991999999999905,0.0,0.05Hz,75.07921000000005,0.003
45684,,25.75,0.003,13.75382326538785,1351.856328334147,4.741000000000001,0.0,3.3969999999999914,0.0,0.05Hz,75.07921000000005,0.003
45684,,25.75,0.003,13.75382326538785,1351.856328334147,4.741000000000001,0.0,3.597875000000002,0.0,0.05Hz,75.07921000000005,0.003
45684,,25.75,0.003,13.75382326538785,1351.856328334147,4.741000000000001,0.0,3.799449999999993,0.0,0.05Hz,75.07921000000005,0.003
45684,,25.75,0.003,13.75382326538785,1351.856328334147,4.741000000000001,0.0,4.00024999999998,0.0,0.05Hz,75.07921000000005,0.003
45684,,25.75,0.003,13.75382326538785,1351.856328334147,4.741000000000001,0.0,4.198650000000001,0.0,0.05Hz,75.07921000000005,0.003
45684,,25.75,0.003,13.75382326538785,1351.856328334147,4.741000000000001,0.0,4.398474999999991,0.0,0.05Hz,75.07921000000005,0.003
45684,,25.75,0.003,13.75382326538785,1351.856328334147,4.741000000000001,0.0,4.599125000000001,0.0,0.05Hz,75.07921000000005,0.003
45684,,25.75,0.003,13.75382326538785,1351.856328334147,4.741000000000001,0.0,4.796850000000006,0.0,0.05Hz,75.07921000000005,0.003
45684,,25.75,0.003,13.75382326538785,1351.856328334147,4.741000000000001,0.0,4.99922500000001,0.0,0.05Hz,75.07921000000005,0.003
45684,,25.75,0.003,13.75382326538785,1351.856328334147,4.741000000000001,0.0,5.199525000000008,0.0,0.05Hz,75.07921000000005,0.003
45684,,25.75,0.003,13.75382326538785,1351.856328334147,4.741000000000001,0.0,5.397475,0.0,0.05Hz,75.07921000000005,0.003
45684,,25.75,0.003,13.75382326538785,1351.856328334147,4.741000000000001,0.0,5.596999999999994,0.0,0.05Hz,75.07921000000005,0.003
45684,,25.75,0.003,13.75382326538785,1351.856328334147,4.741000000000001,0.0,5.797824999999989,0.0,0.05Hz,75.07921000000005,0.003
45684,,25.75,0.003,13.75382326538785,1351.856328334147,4.741000000000001,0.0,5.998899999999978,0.0,0.05Hz,75.07921000000005,0.003
45684,,25.75,0.003,13.75382326538785,1351.856328334147,4.741000000000001,0.0,6.198249999999987,0.0,0.05Hz,75.07921000000005,0.003
45684,,25.75,0.003,13.75382326538785,1351.856328334147,4.741000000000001,0.0,6.397475,0.0,0.05Hz,75.07921000000005,0.003
45684,,25.75,0.003,13.75382326538785,1351.856328334147,4.741000000000001,0.0,6.596974999999986,0.0,0.05Hz,75.07921000000005,0.003
45684,,25.75,0.003,13.75382326538785,1351.856328334147,4.741000000000001,0.0,6.796449999999993,0.0,0.05Hz,75.07921000000005,0.003
45684,,25.75,0.003,13.75382326538785,1351.856328334147,4.741000000000001,0.0,6.997074999999995,0.0,0.05Hz,75.07921000000005,0.003
45684,,25.75,0.003,13.75382326538785,1351.856328334147,4.741000000000001,0.0,7.197500000000005,0.0,0.05Hz,75.07921000000005,0.003
45684,,25.75,0.003,13.75382326538785,1351.856328334147,4.741000000000001,0.0,7.397149999999996,0.0,0.05Hz,75.07921000000005,0.003
45684,,25.75,0.003,13.75382326538785,1351.856328334147,4.741000000000001,0.0,7.599100000000007,0.0,0.05Hz,75.07921000000005,0.003
45684,,25.75,0.003,13.75382326538785,1351.856328334147,4.741000000000001,0.0,7.799899999999994,0.0,0.05Hz,75.07921000000005,0.003
45684,,25.75,0.003,13.75382326538785,1351.856328334147,4.741000000000001,0.0,7.99915,0.0,0.05Hz,75.07921000000005,0.003
45684,,25.75,0.003,13.75382326538785,1351.856328334147,4.741000000000001,0.0,8.200074999999998,0.0,0.05Hz,75.07921000000005,0.003
45684,,25.75,0.003,13.75382326538785,1351.856328334147,4.741000000000001,0.0,8.398699999999991,0.0,0.05Hz,75.07921000000005,0.003
45684,,25.75,0.003,13.75382326538785,1351.856328334147,4.741000000000001,0.0,8.599299999999985,0.0,0.05Hz,75.07921000000005,0.003
45684,,25.75,0.003,13.75382326538785,1351.856328334147,4.741000000000001,0.0,8.797650000000004,0.0,0.05Hz,75.07921000000005,0.003
45684,,25.75,0.003,13.75382326538785,1351.856328334147,4.741000000000001,0.0,8.998249999999985,0.0,0.05Hz,75.07921000000005,0.003
45684,,25.75,0.003,13.75382326538785,1351.856328334147,4.741000000000001,0.0,9.198649999999972,0.0,0.05Hz,75.07921000000005,0.003
45684,,25.75,0.003,13.75382326538785,1351.856328334147,4.741000000000001,0.0,9.397774999999996,0.0,0.05Hz,75.07921000000005,0.003
45684,,25.75,0.003,13.75382326538785,1351.856328334147,4.741000000000001,0.0,9.600174999999993,0.0,0.05Hz,75.07921000000005,0.003
45684,,25.75,0.003,13.75382326538785,1351.856328334147,4.741000000000001,0.0,9.797925000000006,0.0,0.05Hz,75.07921000000005,0.003
45684,,25.75,0.003,17.80853076501668,1830.029569600084,4.741000000000001,0.063,9.998774999999995,0.063,0.05Hz,97.21299999999998,0.003
45684,,25.75,0.022449999999999998,17.80853076501668,1729.755067299555,4.741000000000001,0.063,10.197924999999998,0.063,0.05Hz,97.21299999999998,0.022449999999999998
45684,,25.75,0.0494,17.80853076501668,1729.755067299555,4.741000000000001,0.063,10.399049999999988,0.063,0.05Hz,97.21299999999998,0.0494
45684,,25.75,0.050525,17.80853076501668,1729.755067299555,4.741000000000001,0.063,10.599249999999984,0.063,0.05Hz,97.21299999999998,0.050525
45684,,25.75,0.050499999999999996,17.80853076501668,1729.755067299555,4.741000000000001,0.063,10.798150000000007,0.063,0.05Hz,97.21299999999998,0.050499999999999996
45684,,25.75,0.05055,17.80853076501668,1729.755067299555,4.741000000000001,0.063,10.99785,0.063,0.05Hz,97.21299999999998,0.05055
45684,,25.75,0.050574999999999995,17.80853076501668,1729.755067299555,4.741000000000001,0.063,11.197474999999997,0.063,0.05Hz,97.21299999999998,0.050574999999999995
45684,,25.75,0.050600000000000006,17.80853076501668,1729.755067299555,4.741000000000001,0.063,11.400199999999984,0.063,0.05Hz,97.21299999999998,0.050600000000000006
45684,,25.75,0.050600000000000006,17.80853076501668,1729.755067299555,4.741000000000001,0.063,11.597399999999993,0.063,0.05Hz,97.21299999999998,0.050600000000000006
45684,,25.75,0.050600000000000006,17.80853076501668,1729.755067299555,4.741000000000001,0.063,11.7975,0.063,0.05Hz,97.21299999999998,0.050600000000000006
45684,,25.75,0.05057500000000001,17.80853076501668,1729.755067299555,4.741000000000001,0.063,11.999274999999983,0.063,0.05Hz,97.21299999999998,0.05057500000000001
45684,,26.0,0.050600000000000006,17.80853076501668,1729.755067299555,4.741000000000001,0.063,12.198374999999999,0.063,0.05Hz,97.21299999999998,0.050600000000000006
45684,,26.0,0.050600000000000006,17.80853076501668,1729.755067299555,4.741000000000001,0.063,12.400274999999993,0.063,0.05Hz,97.21299999999998,0.050600000000000006
45684,,26.0,0.050600000000000006,17.80853076501668,1729.755067299555,4.741000000000001,0.063,12.598725000000002,0.063,0.05Hz,97.21299999999998,0.050600000000000006
45684,,26.0,0.050625,17.80853076501668,1729.755067299555,4.741000000000001,0.063,12.799025,0.063,0.05Hz,97.21299999999998,0.050625
45684,,26.0,0.050625,17.80853076501668,1729.755067299555,4.741000000000001,0.063,12.997649999999979,0.063,0.05Hz,97.21299999999998,0.050625
45684,,26.0,0.050600000000000006,17.80853076501668,1729.755067299555,4.741000000000001,0.063,13.19937499999999,0.063,0.05Hz,97.21299999999998,0.050600000000000006
45684,,26.0,0.050600000000000006,17.80853076501668,1729.755067299555,4.741000000000001,0.063,13.39864999999999,0.063,0.05Hz,97.21299999999998,0.050600000000000006
45684,,26.0,0.050600000000000006,17.80853076501668,1729.755067299555,4.741000000000001,0.063,13.597699999999989,0.063,0.05Hz,97.21299999999998,0.050600000000000006
45684,,26.0,0.050575,17.80853076501668,1729.755067299555,4.741000000000001,0.063,13.79819999999998,0.063,0.05Hz,97.21299999999998,0.050575
45684,,26.0,0.0506,17.80853076501668,1729.755067299555,4.741000000000001,0.063,13.997299999999996,0.063,0.05Hz,97.21299999999998,0.0506
45684,,26.0,0.050625,17.80853076501668,1729.755067299555,4.741000000000001,0.063,14.203724999999991,0.063,0.05Hz,97.21299999999998,0.050625
45684,,26.0,0.050600000000000006,17.80853076501668,1729.755067299555,4.741000000000001,0.063,14.401825000000002,0.063,0.05Hz,97.21299999999998,0.050600000000000006
45684,,26.0,0.050600000000000006,17.80853076501668,1729.755067299555,4.741000000000001,0.063,14.598699999999994,0.063,0.05Hz,97.21299999999998,0.050600000000000006
45684,,26.0,0.050575,17.80853076501668,1729.755067299555,4.741000000000001,0.063,14.797499999999985,0.063,0.05Hz,97.21299999999998,0.050575
45684,,26.0,0.050625,17.80853076501668,1729.755067299555,4.741000000000001,0.063,14.999849999999995,0.063,0.05Hz,97.21299999999998,0.050625
45684,,26.0,0.050575,17.80853076501668,1729.755067299555,4.741000000000001,0.063,15.200324999999992,0.063,0.05Hz,97.21299999999998,0.050575
45684,,26.0,0.050625,17.80853076501668,1729.755067299555,4.741000000000001,0.063,15.399124999999998,0.063,0.05Hz,97.21299999999998,0.050625
45684,,26.0,0.0506,17.80853076501668,1729.755067299555,4.741000000000001,0.063,15.597999999999999,0.063,0.05Hz,97.21299999999998,0.0506
45684,,26.0,0.05057500000000001,17.80853076501668,1729.755067299555,4.741000000000001,0.063,15.798524999999984,0.063,0.05Hz,97.21299999999998,0.05057500000000001
45684,,26.0,0.050625,17.80853076501668,1729.755067299555,4.741000000000001,0.063,15.99915,0.063,0.05Hz,97.21299999999998,0.050625
45684,,26.0,0.050600000000000006,17.80853076501668,1729.755067299555,4.741000000000001,0.063,16.20089999999999,0.063,0.05Hz,97.21299999999998,0.050600000000000006
45684,,26.0,0.050625,17.80853076501668,1729.755067299555,4.741000000000001,0.063,16.398899999999998,0.063,0.05Hz,97.21299999999998,0.050625
45684,,26.0,0.050600000000000006,17.80853076501668,1729.755067299555,4.741000000000001,0.063,16.599000000000004,0.063,0.05Hz,97.21299999999998,0.050600000000000006
45684,,26.0,0.050600000000000006,17.80853076501668,1729.755067299555,4.741000000000001,0.063,16.800774999999987,0.063,0.05Hz,97.21299999999998,0.050600000000000006
45684,,26.0,0.050625,17.80853076501668,1729.755067299555,4.741000000000001,0.063,16.998950000000008,0.063,0.05Hz,97.21299999999998,0.050625
45684,,26.0,0.050625,17.80853076501668,1729.755067299555,4.741000000000001,0.063,17.19857499999999,0.063,0.05Hz,97.21299999999998,0.050625
45684,,26.0,0.050600000000000006,17.80853076501668,1729.755067299555,4.741000000000001,0.063,17.398250000000004,0.063,0.05Hz,97.21299999999998,0.050600000000000006
45684,,26.0,0.050600000000000006,17.80853076501668,1729.755067299555,4.741000000000001,0.063,17.60039999999998,0.063,0.05Hz,97.21299999999998,0.050600000000000006
45684,,26.0,0.050625,17.80853076501668,1729.755067299555,4.741000000000001,0.063,17.799649999999986,0.063,0.05Hz,97.21299999999998,0.050625
45684,,26.0,0.05057500000000001,17.80853076501668,1729.755067299555,4.741000000000001,0.063,17.999124999999992,0.063,0.05Hz,97.21299999999998,0.05057500000000001
45684,,26.0,0.050625,17.80853076501668,1729.755067299555,4.741000000000001,0.063,18.198224999999994,0.063,0.05Hz,97.21299999999998,0.050625
45684,,26.0,0.050600000000000006,17.80853076501668,1729.755067299555,4.741000000000001,0.063,18.39842499999999,0.063,0.05Hz,97.21299999999998,0.050600000000000006
45684,,26.0,0.050600000000000006,17.80853076501668,1729.755067299555,4.741000000000001,0.063,18.598250000000007,0.063,0.05Hz,97.21299999999998,0.050600000000000006
45684,,26.0,0.050600000000000006,17.80853076501668,1729.755067299555,4.741000000000001,0.063,18.79885,0.063,0.05Hz,97.21299999999998,0.050600000000000006
45684,,26.0,0.050625,17.80853076501668,1729.755067299555,4.741000000000001,0.063,19.006550000000004,0.063,0.05Hz,97.21299999999998,0.050625
45684,,26.0,0.050625,17.80853076501668,1729.755067299555,4.741000000000001,0.063,19.200549999999993,0.063,0.05Hz,97.21299999999998,0.050625
45684,,26.0,0.050625,17.80853076501668,1729.755067299555,4.741000000000001,0.063,19.399699999999996,0.063,0.05Hz,97.21299999999998,0.050625
45684,,26.0,0.050625,17.80853076501668,1729.755067299555,4.741000000000001,0.063,19.60034999999999,0.063,0.05Hz,97.21299999999998,0.050625
45684,,26.0,0.050600000000000006,17.80853076501668,1729.755067299555,4.741000000000001,0.063,19.799675000000008,0.063,0.05Hz,97.21299999999998,0.050600000000000006
45684,,26.0,0.050625,13.75382326538785,1351.856328334147,4.741000000000001,0.0,19.99927500000001,0.0,0.05Hz,75.07921000000005,0.050625
45684,,26.0,0.041633333333333335,13.75382326538785,1351.856328334147,4.741000000000001,0.0,20.20193333333331,0.0,0.05Hz,75.07921000000005,0.041633333333333335
